id,submitdate,lastpage,startlanguage,seed,Randomisierung,Alter,Sex,Bildung,Partnerschaft,OPselbst,OPandere,BildVG,AnnaVG[Eig1],AnnaVG[Eig2],AnnaVG[Eig3],AnnaVG[Eig4],AnnaVG[Eig5],AnnaVG[Eig6],AnnaVG[Eig7],AnnaVG[Eig8],AnnaVG[Eig9],AnnaVG[Eig10],AnnaVG[Eig11],AnnaVG[Eig12],AnnaVG[Eig13],AnnaVG[Eig14],AnnaVG[Eig15],BildKG,AnnaKG[Eig1],AnnaKG[Eig2],AnnaKG[Eig3],AnnaKG[Eig4],AnnaKG[Eig5],AnnaKG[Eig6],AnnaKG[Eig7],AnnaKG[Eig8],AnnaKG[Eig9],AnnaKG[Eig10],AnnaKG[Eig11],AnnaKG[Eig12],AnnaKG[Eig13],AnnaKG[Eig14],AnnaKG[Eig15],SexCompetition[SexComp1],SexCompetition[SexComp2],SexCompetition[SexComp3],SexCompetition[SexComp4],SexCompetition[SexComp5],SexCompetition[SexComp6],SexCompetition[SexComp7],SexCompetition[SexComp8],SexCompetition[SexComp9],SexCompetition[SexComp10],SexCompetition[SexComp11],SexCompetition[SexComp12],PhysComp[PhysComp1],PhysComp[PhysComp2],PhysComp[PhysComp3],PhysComp[PhysComp4],PhysComp[PhysComp5],PhysComp[PhysComp6],PhysComp[PhysComp7],PhysComp[PhysComp8],PhysComp[PhysComp9],PhysComp[PhysComp10],BodyImage[BodyIm1],BodyImage[BodyIm2],BodyImage[BodyIm3],BodyImage[BodyIm4],BodyImage[BodyIm5],BodyImage[BodyIm6],BodyImage[BodyIm7],BodyImage[BodyIm8],ACSS[ACSS1],ACSS[ACSS2],ACSS[ACSS3],ACSS[ACSS4],ACSS[ACSS5],ACSS[ACSS6],ACSS[ACSS7],ACSS[ACSS8],ACSS[ACSS9],ACSS[ACSS10],ACSS[ACSS11],ACSS[ACSS12],ACSS[ACSS13],ACSS[ACSS14],ACSS[ACSS15]
398,,2,de,97818840,1,23,1,3,0,0,1,,,,,,,,,,,,,,,,,,,,,,,,,,,,,,,,,,,,,,,,,,,,,,,,,,,,,,,,,,,,,,,,,,,,,,,,,,,,,
399,1/1/1980 0:00,8,de,2018239423,2,29,1,3,1,0,1,,,,,,,,,,,,,,,,,,3,3,3,3,3,3,3,3,3,3,3,3,3,3,3,4,4,4,4,4,4,4,4,4,4,4,4,3,3,3,3,3,3,3,3,3,3,4,4,4,4,4,4,4,4,4,4,4,4,4,4,4,4,4,4,4,4,4,4,4
400,,3,de,67677769,2,29,1,3,1,0,1,,,,,,,,,,,,,,,,,,,,,,,,,,,,,,,,,,,,,,,,,,,,,,,,,,,,,,,,,,,,,,,,,,,,,,,,,,,,,
401,,3,de,1330235878,2,90,1,2,0,0,0,,,,,,,,,,,,,,,,,,,,,,,,,,,,,,,,,,,,,,,,,,,,,,,,,,,,,,,,,,,,,,,,,,,,,,,,,,,,,
402,,3,de,1235928063,2,99,1,1,0,0,0,,,,,,,,,,,,,,,,,,,,,,,,,,,,,,,,,,,,,,,,,,,,,,,,,,,,,,,,,,,,,,,,,,,,,,,,,,,,,
403,,2,de,843150059,1,99,2,4,0,0,0,,,,,,,,,,,,,,,,,,,,,,,,,,,,,,,,,,,,,,,,,,,,,,,,,,,,,,,,,,,,,,,,,,,,,,,,,,,,,
404,,2,de,273513779,1,88,2,4,0,0,0,,,,,,,,,,,,,,,,,,,,,,,,,,,,,,,,,,,,,,,,,,,,,,,,,,,,,,,,,,,,,,,,,,,,,,,,,,,,,
405,1/1/1980 0:00,8,de,1899521893,2,23,1,3,0,0,1,,,,,,,,,,,,,,,,,,2,5,3,3,5,5,5,4,4,2,1,4,5,2,2,5,4,4,7,1,3,4,1,5,4,4,3,4,3,3,4,4,5,4,4,4,5,3,2,4,2,4,6,4,6,7,5,6,4,7,6,5,7,3,1,5,7,3,6,5
406,1/1/1980 0:00,8,de,162128545,1,24,1,3,1,0,0,"Schön, eitel, selbstbewusst, zielstrebig",1,4,3,2,5,3,5,4,5,4,4,2,4,2,3,,,,,,,,,,,,,,,,,2,2,3,5,2,1,2,1,5,5,2,1,4,1,1,4,1,2,3,2,2,3,3,2,5,3,3,5,3,4,1,3,1,1,3,3,1,2,1,6,1,1,1,2,1
407,,5,de,630105860,1,22,1,1,1,0,0,,2,3,1,2,4,4,4,3,4,2,3,4,4,1,1,,,,,,,,,,,,,,,,,3,1,1,3,1,1,1,1,4,3,1,1,,,,,,,,,,,,,,,,,,,,,,,,,,,,,,,,,
408,1/1/1980 0:00,8,de,276451626,1,30,2,3,1,0,1,,3,4,3,3,4,4,3,3,4,3,2,3,4,2,3,,,,,,,,,,,,,,,,,4,3,2,5,1,1,2,1,4,3,4,1,3,5,4,4,4,4,4,4,4,4,2,5,3,5,5,6,6,4,6,4,3,2,5,5,5,5,2,2,4,1,1,4,4
409,1/1/1980 0:00,8,de,218337024,1,30,1,4,1,0,1,Zielstrebig aber wenig selbstbewusst ,5,5,5,2,5,1,3,3,5,5,5,5,1,2,3,,,,,,,,,,,,,,,,,1,1,2,6,1,1,2,1,6,6,4,2,3,3,2,5,3,4,4,4,4,4,4,3,4,2,2,7,4,6,4,6,1,7,7,6,6,6,6,3,1,1,7,6,6
410,1/1/1980 0:00,8,de,2102448719,2,47,1,3,1,0,0,,,,,,,,,,,,,,,,,"Eitel, selbstsicher, schön....",1,1,1,2,5,5,5,4,4,2,1,4,4,1,1,1,1,1,1,1,1,1,1,1,1,1,1,2,1,1,1,1,1,1,1,1,1,2,5,5,1,2,6,4,6,1,1,1,1,1,1,1,1,1,7,1,1,1,1,1
411,1/1/1980 0:00,8,de,400664977,2,29,1,3,1,0,1,,,,,,,,,,,,,,,,,,1,4,3,3,4,5,3,3,4,1,3,3,4,1,3,1,2,1,5,1,1,1,1,4,4,2,1,5,3,2,4,4,3,2,5,2,3,3,3,3,1,3,3,5,4,2,2,1,1,3,1,1,1,1,6,1,1,2,5,1
412,,1,de,1788996763,1,,,,,,,,,,,,,,,,,,,,,,,,,,,,,,,,,,,,,,,,,,,,,,,,,,,,,,,,,,,,,,,,,,,,,,,,,,,,,,,,,,,
413,,4,de,981463593,1,33,1,1,1,1,1,,3,4,4,4,5,4,4,5,3,1,3,3,4,2,2,,,,,,,,,,,,,,,,,,,,,,,,,,,,,,,,,,,,,,,,,,,,,,,,,,,,,,,,,,,,,
414,1/1/1980 0:00,8,de,378138464,1,28,1,3,1,0,1,,2,4,1,3,4,5,5,5,4,3,3,4,4,2,3,,,,,,,,,,,,,,,,,2,2,1,3,1,1,1,1,4,2,1,2,5,5,5,4,5,3,3,3,4,5,3,4,4,3,4,5,4,3,6,7,7,7,7,7,7,7,1,1,4,7,1,7,2
415,1/1/1980 0:00,8,de,631750712,1,25,0,3,1,0,0,"eitel, selbstbewusst, mutig, organisiert, gesellig, sportlich ",2,4,2,2,5,5,5,4,3,2,3,3,4,3,1,,,,,,,,,,,,,,,,,4,4,4,3,3,2,2,2,3,3,2,1,3,3,3,4,4,3,2,2,2,3,2,3,3,1,3,2,2,2,5,4,2,5,5,2,2,1,1,4,3,3,2,5,3
416,1/1/1980 0:00,8,de,1308160881,2,19,1,1,0,1,0,,,,,,,,,,,,,,,,,"Ehrgeizig, ordentlich, verantwortungsbewusst",2,3,2,3,4,5,4,4,3,1,3,4,5,1,1,2,4,3,7,1,1,3,1,5,4,3,4,5,2,1,4,4,4,4,4,5,4,2,2,3,4,4,5,5,4,7,5,5,1,7,4,4,7,1,1,1,2,2,7,7
417,1/1/1980 0:00,8,de,505221417,1,29,1,3,1,1,0,,1,1,1,1,4,4,4,5,1,1,1,4,4,1,1,,,,,,,,,,,,,,,,,1,1,1,1,1,1,1,1,7,1,1,1,1,1,1,1,1,1,1,1,1,1,1,4,4,1,1,3,5,4,7,7,7,7,7,7,7,7,4,1,1,1,1,7,1
418,1/1/1980 0:00,8,de,1937026164,1,28,1,1,1,0,0,,1,2,1,3,2,5,5,5,3,1,2,4,5,3,1,,,,,,,,,,,,,,,,,3,4,5,7,1,1,4,1,7,4,1,1,5,1,1,1,5,2,3,2,2,2,6,1,1,1,4,3,4,2,5,5,1,4,6,1,1,2,1,7,1,1,1,4,1
419,1/1/1980 0:00,8,de,1447465836,2,30,1,2,1,0,0,,,,,,,,,,,,,,,,,,2,2,1,1,4,5,4,3,3,2,2,4,5,1,3,1,3,1,5,1,1,1,7,2,2,2,2,1,3,1,4,1,2,1,1,1,2,1,3,3,1,1,3,3,2,5,4,2,4,7,3,3,1,1,3,1,1,1,5,2
420,1/1/1980 0:00,8,de,1485713482,2,30,1,3,1,0,1,,,,,,,,,,,,,,,,,"Ehrgeizig, zielstrebig, kommunikativ, extrovertiert, gepflegt",3,4,2,2,3,5,5,3,2,1,2,3,5,1,1,3,4,3,5,1,1,2,1,4,2,1,1,3,2,1,3,3,3,3,2,3,4,4,3,5,2,2,3,3,2,7,6,2,4,6,6,3,2,1,5,1,1,1,6,3
421,1/1/1980 0:00,8,de,2034244622,1,23,1,3,1,0,0,,2,4,4,3,3,5,4,3,5,3,4,3,5,3,2,,,,,,,,,,,,,,,,,1,2,1,5,1,2,1,1,3,2,1,1,4,2,2,4,3,2,2,1,1,3,3,2,3,1,2,1,7,2,2,3,1,3,4,1,1,1,1,7,1,1,1,2,1
422,1/1/1980 0:00,8,de,301518308,2,23,1,3,1,1,1,,,,,,,,,,,,,,,,,"Zielstrebig, diszipliniert, engagiert, motiviert, intelligent, selbstbewusst ",5,5,4,4,5,5,3,4,4,3,2,4,5,4,2,4,4,1,5,2,1,1,1,6,6,4,1,4,4,4,4,4,4,4,2,3,3,4,4,3,2,2,2,2,3,7,6,6,4,6,7,7,7,7,1,2,6,6,7,6
423,,3,de,797128510,2,23,1,3,1,0,0,,,,,,,,,,,,,,,,,,,,,,,,,,,,,,,,,,,,,,,,,,,,,,,,,,,,,,,,,,,,,,,,,,,,,,,,,,,,,
424,1/1/1980 0:00,8,de,385137830,2,23,1,3,1,0,0,,,,,,,,,,,,,,,,,,2,4,3,2,4,5,4,4,3,2,2,4,4,3,2,2,2,4,3,2,2,2,3,3,3,2,3,4,3,3,3,4,3,3,3,4,3,1,2,2,3,3,2,3,2,5,6,3,5,4,6,5,4,2,2,3,5,2,4,5
425,,6,de,544409561,1,29,1,3,1,0,1,Unsicherheit bzgl. ihres Aussehens,4,3,2,2,2,4,3,3,4,2,4,2,4,3,1,,,,,,,,,,,,,,,,,2,2,2,4,1,1,1,1,2,1,1,1,4,1,2,2,2,2,1,2,1,2,,,,,,,,,,,,,,,,,,,,,,,
426,1/1/1980 0:00,8,de,1114807328,2,23,1,2,0,0,0,,,,,,,,,,,,,,,,,"Ich glaube das Anna ein sehr liebevoller, netter, offener, zielstrebiger & belastbarer Mensch ist! Sie wirk nur durch das Foto sehr sympathisch, gepflegt und hübsch! ",1,4,4,5,4,5,1,5,2,1,2,4,5,2,1,1,1,1,5,1,1,1,1,3,3,3,1,2,1,1,2,1,2,2,2,1,2,3,2,4,1,1,5,2,3,4,4,1,4,6,3,1,1,1,6,1,1,1,4,1
427,1/1/1980 0:00,8,de,2052575486,2,35,1,1,1,0,1,,,,,,,,,,,,,,,,,,2,1,2,5,4,1,2,4,2,3,2,4,1,5,5,1,1,1,1,1,1,1,1,2,1,1,2,2,1,1,1,1,1,1,1,1,1,4,3,3,1,2,5,1,3,3,3,1,3,2,1,1,1,1,7,1,1,1,3,1
428,,3,de,145501441,2,24,1,1,1,0,0,,,,,,,,,,,,,,,,,,,,,,,,,,,,,,,,,,,,,,,,,,,,,,,,,,,,,,,,,,,,,,,,,,,,,,,,,,,,,
429,1/1/1980 0:00,8,de,125510277,1,28,1,2,1,0,0,"Ästhetik, Oberflächlichkeit, Sauberkeit, Ordnungssinn, Klarheit",1,5,4,4,5,5,5,3,4,4,3,4,5,3,3,,,,,,,,,,,,,,,,,3,4,4,5,3,3,3,2,3,2,2,2,2,2,1,3,2,3,3,3,3,3,1,2,2,1,1,2,2,3,3,2,1,2,2,1,1,2,1,7,1,1,1,2,1
430,1/1/1980 0:00,8,de,927586870,2,20,1,1,1,0,1,,,,,,,,,,,,,,,,,,3,4,4,3,4,5,4,3,5,2,2,4,5,2,3,3,3,4,5,1,1,2,1,4,3,2,1,4,2,2,3,3,4,4,5,5,5,4,3,4,1,1,5,1,3,3,5,2,4,5,2,2,1,1,3,2,1,1,6,3
431,1/1/1980 0:00,8,de,652178286,1,21,1,3,1,0,1,"Ehrgeizig
Eitel (nicht zu negativ gemeint)
Rational 
belastbar 
Perfektionistisch 
",4,4,2,2,3,5,4,3,4,3,4,2,5,3,2,,,,,,,,,,,,,,,,,3,5,5,5,1,1,4,1,4,6,3,4,4,5,5,4,4,5,4,4,4,4,3,7,6,5,3,7,7,7,6,6,5,5,6,6,6,7,1,2,1,3,1,7,6
432,1/1/1980 0:00,8,de,1125450595,2,18,1,1,1,0,1,,,,,,,,,,,,,,,,,,2,4,2,3,5,5,4,4,3,2,3,4,5,1,1,2,2,1,4,1,2,3,1,6,4,3,1,1,1,1,3,2,3,4,2,3,3,2,4,4,2,2,5,2,5,4,3,1,3,5,1,1,2,1,6,1,1,1,5,2
433,1/1/1980 0:00,8,de,1941531477,2,19,1,1,0,0,1,,,,,,,,,,,,,,,,,"ordentlich, ehrlich ",4,4,3,2,3,5,4,3,4,4,3,2,5,3,4,3,4,2,4,1,1,2,1,7,4,1,1,3,5,5,5,5,5,4,5,5,5,2,2,4,3,3,4,6,3,2,4,1,2,4,1,1,4,1,7,3,1,1,1,2
434,1/1/1980 0:00,8,de,215760332,2,55,2,2,1,0,0,,,,,,,,,,,,,,,,,"Ehrgeizig ,selbstbewusst ",5,1,1,1,5,5,5,1,1,1,1,5,5,1,1,1,1,1,6,1,1,1,1,1,1,1,1,1,1,1,1,1,1,1,1,1,1,1,3,3,2,2,4,1,3,1,1,1,1,4,1,1,1,1,1,1,1,1,1,1
435,,2,de,1634107151,1,19,1,1,1,0,0,,,,,,,,,,,,,,,,,,,,,,,,,,,,,,,,,,,,,,,,,,,,,,,,,,,,,,,,,,,,,,,,,,,,,,,,,,,,,
436,1/1/1980 0:00,8,de,1481044198,2,21,1,1,0,0,0,,,,,,,,,,,,,,,,,"ehrgeizig, selbstbewusst, eitel, erfolgsorientiert",1,4,4,4,5,5,5,4,4,3,2,4,5,1,2,2,4,4,5,1,2,3,1,6,3,2,1,4,3,3,4,5,4,4,3,4,4,2,3,4,5,2,7,4,4,5,4,2,4,5,3,5,3,1,1,2,1,1,4,2
437,1/1/1980 0:00,8,de,1419834911,1,22,1,3,0,0,0,,3,4,4,4,2,4,4,3,4,3,4,2,4,2,2,,,,,,,,,,,,,,,,,3,3,3,5,1,2,4,1,2,3,2,3,3,2,2,4,2,3,2,3,2,4,1,3,2,2,3,5,6,4,3,3,2,3,3,3,2,5,1,6,2,3,1,2,2
438,1/1/1980 0:00,8,de,1693131541,1,42,1,4,1,1,1,,1,4,4,2,2,1,1,1,3,4,4,2,1,4,5,,,,,,,,,,,,,,,,,1,3,2,3,1,1,2,1,5,1,1,2,4,4,3,4,2,3,3,3,3,3,7,4,4,2,7,2,5,3,7,7,7,7,7,7,7,7,1,1,3,1,1,7,2
439,,3,de,262350993,2,18,0,1,0,0,1,,,,,,,,,,,,,,,,,,,,,,,,,,,,,,,,,,,,,,,,,,,,,,,,,,,,,,,,,,,,,,,,,,,,,,,,,,,,,
440,,1,de,643360955,1,,,,,,,,,,,,,,,,,,,,,,,,,,,,,,,,,,,,,,,,,,,,,,,,,,,,,,,,,,,,,,,,,,,,,,,,,,,,,,,,,,,
441,1/1/1980 0:00,8,de,1167544857,1,19,1,2,1,0,0,,2,2,3,1,5,5,5,4,2,1,3,5,5,1,1,,,,,,,,,,,,,,,,,4,1,3,2,1,3,1,1,2,2,2,1,3,3,2,4,4,3,2,2,2,2,3,4,4,1,3,3,2,3,4,3,1,3,5,1,1,1,1,7,1,1,1,2,1
442,1/1/1980 0:00,8,de,292187174,1,28,1,2,1,0,1,,2,3,3,2,2,2,2,3,2,1,2,3,4,1,1,,,,,,,,,,,,,,,,,3,1,1,3,1,1,1,1,1,3,2,1,3,1,1,4,3,3,3,3,3,4,3,2,4,1,2,5,2,1,6,7,6,6,7,7,7,7,4,1,1,1,1,7,4
443,1/1/1980 0:00,8,de,1980515463,2,24,1,1,1,0,1,,,,,,,,,,,,,,,,,,3,3,3,2,5,5,5,5,1,1,1,5,5,1,1,1,2,1,1,1,2,1,1,2,1,1,1,1,1,1,1,1,1,1,1,1,1,1,1,1,1,3,1,1,2,5,5,3,6,6,3,3,2,2,3,2,2,2,3,2
444,,4,de,1563085585,2,23,1,3,0,0,0,,,,,,,,,,,,,,,,,,4,4,2,3,5,5,5,5,3,2,2,3,5,3,1,,,,,,,,,,,,,,,,,,,,,,,,,,,,,,,,,,,,,,,,,,,,,
445,1/1/1980 0:00,8,de,1518987724,1,35,1,3,0,0,1,"Selbstbewusst, unabhängig ",2,4,2,3,5,5,3,4,4,2,2,4,4,3,1,,,,,,,,,,,,,,,,,1,2,2,7,1,1,2,1,4,1,1,1,3,2,3,2,2,1,2,2,2,2,3,1,1,1,1,1,4,1,5,5,5,5,5,5,5,3,1,2,1,1,1,4,1
446,1/1/1980 0:00,8,de,1506178242,2,20,1,1,0,0,0,,,,,,,,,,,,,,,,,,1,4,3,3,5,5,4,4,3,2,2,5,4,2,1,1,3,2,5,2,2,2,1,7,3,1,1,3,1,1,4,3,3,4,3,4,2,4,3,3,1,2,3,3,3,6,4,3,5,7,3,3,2,2,1,1,1,1,5,3
447,,2,de,64464911,1,45,1,3,0,0,1,,,,,,,,,,,,,,,,,,,,,,,,,,,,,,,,,,,,,,,,,,,,,,,,,,,,,,,,,,,,,,,,,,,,,,,,,,,,,
448,1/1/1980 0:00,8,de,1230133176,1,26,1,1,1,0,1,,3,2,2,1,4,5,5,5,2,2,1,4,5,1,1,,,,,,,,,,,,,,,,,1,3,1,2,1,1,1,1,3,1,1,2,1,1,1,2,2,1,1,2,1,1,3,2,3,4,3,5,1,3,7,5,1,6,7,2,3,2,1,4,1,1,1,5,1
449,1/1/1980 0:00,8,de,886745288,2,21,1,1,1,0,0,,,,,,,,,,,,,,,,,Selbstbewusst,1,4,3,4,5,5,4,4,4,4,1,5,5,3,3,4,5,3,6,2,2,4,1,6,4,2,1,2,4,4,5,5,4,3,4,4,5,2,5,3,1,4,6,7,5,5,4,1,3,4,1,1,1,1,7,1,1,1,3,1
450,1/1/1980 0:00,8,de,1946457570,2,30,1,2,1,0,1,,,,,,,,,,,,,,,,,,1,3,2,2,4,5,4,5,1,1,1,5,5,1,1,1,2,1,3,1,1,1,1,5,1,1,2,1,1,1,1,1,1,2,1,1,1,4,3,4,1,2,3,3,3,7,7,6,6,6,7,6,6,1,1,1,1,1,6,1
451,1/1/1980 0:00,8,de,315055461,1,21,0,1,0,0,1,"unsicher, ehrgeizig, perfektionistisch",4,4,2,3,3,4,5,3,3,3,4,2,4,4,2,,,,,,,,,,,,,,,,,5,4,3,5,1,1,2,1,3,2,2,1,4,5,5,5,5,5,5,5,5,5,7,3,2,3,6,3,4,3,5,4,5,3,4,5,4,7,1,2,2,1,1,4,2
452,1/1/1980 0:00,8,de,1534112622,2,24,1,3,1,0,0,,,,,,,,,,,,,,,,,,2,4,2,2,4,4,4,4,4,1,2,4,5,1,1,3,2,3,5,1,2,3,1,5,4,3,1,4,2,2,3,4,3,3,4,3,3,2,1,4,3,2,4,4,3,6,6,4,4,7,6,4,5,1,1,1,1,1,5,2
453,1/1/1980 0:00,8,de,160049926,2,23,1,1,1,0,0,,,,,,,,,,,,,,,,,"zielstrebig, erfolgreich, achtet auf ihr äußeres Erscheinungsbild",2,3,2,3,4,5,5,3,3,2,2,4,5,1,1,5,4,3,4,1,2,2,1,3,4,3,2,4,4,4,3,4,2,5,4,4,5,1,5,5,1,3,5,5,5,5,5,2,3,5,2,2,1,1,4,2,1,1,5,2
454,1/1/1980 0:00,8,de,252291355,2,25,2,3,1,0,0,,,,,,,,,,,,,,,,,"Penibel, ambitioniert, strebsam, wohlhabend, diszipliniert, höflich",1,2,1,1,5,5,5,5,1,1,1,5,5,1,1,1,1,1,1,1,1,1,1,2,1,1,1,5,2,1,2,4,3,1,1,3,3,1,1,1,1,3,2,4,1,7,5,6,5,7,6,7,3,1,1,1,1,1,7,1
455,1/1/1980 0:00,8,de,838164240,1,24,1,3,1,0,0,,1,5,3,4,5,4,4,3,5,2,5,4,3,4,1,,,,,,,,,,,,,,,,,3,4,5,5,1,1,3,1,4,4,4,5,5,4,5,4,5,4,5,4,4,5,3,4,6,1,4,3,4,5,6,5,3,5,6,7,7,5,6,2,1,6,5,3,7
456,,5,de,1786762173,2,23,1,3,0,0,0,,,,,,,,,,,,,,,,,,2,4,3,3,4,5,4,4,4,2,1,4,5,3,3,1,2,3,2,1,1,2,1,2,3,2,1,,,,,,,,,,,,,,,,,,,,,,,,,,,,,,,,,
457,1/1/1980 0:00,8,de,1952032759,2,26,1,1,1,1,0,,,,,,,,,,,,,,,,,,2,3,4,2,4,4,5,4,3,1,2,4,5,1,1,5,1,5,1,3,5,5,6,4,7,6,2,5,3,4,5,5,5,4,2,4,5,1,3,5,2,4,5,7,3,7,6,5,4,7,7,7,7,1,1,3,1,4,7,3
458,1/1/1980 0:00,8,de,147399378,2,28,1,3,1,1,1,,,,,,,,,,,,,,,,,"Der Gesellschaft entsprechendes Leben, strukturiert, hübsch, eitel",1,5,4,3,4,5,4,4,4,3,2,4,5,2,1,3,4,3,2,1,1,1,1,1,3,2,1,4,4,4,5,4,5,5,5,5,5,2,3,3,6,5,3,2,3,7,7,7,3,3,7,7,7,2,1,6,1,1,3,7
459,1/1/1980 0:00,8,de,1100322724,1,35,1,4,1,0,1,,4,5,3,2,2,5,3,3,4,2,4,2,4,2,1,,,,,,,,,,,,,,,,,2,2,1,4,1,3,2,1,5,4,2,1,5,3,1,4,4,4,5,4,5,5,6,5,5,4,4,4,7,5,7,7,7,6,6,7,7,7,6,1,3,1,7,7,7
460,1/1/1980 0:00,8,de,960924583,1,30,1,3,0,0,1,,4,3,3,1,3,2,2,2,2,3,3,4,2,4,4,,,,,,,,,,,,,,,,,2,2,2,3,2,2,3,2,2,2,2,2,3,3,2,2,3,3,3,3,3,3,4,3,3,3,3,3,3,3,6,6,6,6,6,6,6,6,2,1,5,1,2,4,5
461,1/1/1980 0:00,8,de,454756973,2,25,1,3,1,0,1,,,,,,,,,,,,,,,,,"Gute work-life-Balance, witzig, selbstbewusst, Feministin, weiblich, stark, gönnt sich auch mal etwas, eventuell ein bisschen eingebildet",1,5,4,3,5,5,5,5,4,4,2,5,5,3,1,3,5,4,5,1,4,4,1,4,4,4,4,3,2,3,4,4,4,4,4,4,4,5,2,2,2,3,2,2,2,5,4,2,2,2,2,2,2,2,4,1,1,1,4,3
462,1/1/1980 0:00,8,de,1964134109,2,26,1,1,1,0,1,,,,,,,,,,,,,,,,,"Engagiert, freundlich, reserviert",2,1,3,2,5,4,3,4,4,3,3,4,4,1,2,1,1,2,2,1,3,1,1,1,1,1,1,4,2,1,4,4,2,5,3,5,4,1,5,6,1,3,7,7,5,1,7,1,1,7,1,1,1,1,6,1,1,1,7,1
463,1/1/1980 0:00,8,de,2033726640,1,21,1,1,0,0,1,"Zielstrebigkeit, Ehrgeiz, Fleiß, Empathie, Selbstachtung.",2,2,1,1,3,5,5,4,2,1,2,4,5,1,1,,,,,,,,,,,,,,,,,1,1,2,1,1,1,1,1,3,2,2,1,1,1,1,2,2,2,1,1,1,2,2,3,2,2,3,2,4,2,1,2,1,2,4,1,1,1,1,6,1,1,1,3,1
464,1/1/1980 0:00,8,de,29050564,2,24,1,1,1,0,0,,,,,,,,,,,,,,,,,,2,4,3,5,4,4,4,5,4,1,2,3,4,1,3,2,1,4,7,1,1,1,1,5,1,1,1,4,1,1,2,4,1,3,1,3,1,4,1,1,1,3,1,1,3,5,3,3,6,6,2,2,5,1,1,3,1,1,4,1
465,1/1/1980 0:00,8,de,1312646840,1,28,1,1,1,0,0,eitel,3,3,3,3,3,4,4,3,3,3,3,3,3,4,3,,,,,,,,,,,,,,,,,1,3,4,4,1,1,2,1,5,2,4,1,2,3,3,5,2,4,4,4,3,5,1,4,5,2,1,6,1,5,5,5,1,4,4,3,3,3,1,6,1,1,2,6,3
466,1/1/1980 0:00,8,de,332315401,1,29,1,3,1,0,0,Offen in Bezug auf andere,3,3,4,5,3,5,5,4,3,3,3,3,4,4,3,,,,,,,,,,,,,,,,,5,5,6,6,2,1,3,1,6,5,5,5,3,1,3,4,3,4,4,4,4,4,3,3,5,1,2,3,7,3,7,6,6,1,4,7,7,7,1,1,1,1,1,3,1
467,1/1/1980 0:00,8,de,1647339790,2,18,1,1,1,0,1,,,,,,,,,,,,,,,,,"Zielstrebig, Bossy, Freundlich, Kompetenz, Selbstlos & Liebevoll",1,4,1,5,5,5,5,5,1,1,1,5,5,1,1,4,1,7,5,1,1,1,1,5,7,7,1,5,3,5,5,5,5,5,5,5,5,7,1,1,2,1,1,1,1,7,7,7,1,7,7,7,7,1,1,1,7,1,7,1
468,1/1/1980 0:00,8,de,1925651763,2,29,1,3,0,0,0,,,,,,,,,,,,,,,,,"Zielstrebig, fokussiert, taff, höflich aber auch fordernd, ",1,4,5,5,5,5,2,3,4,2,2,4,5,2,3,2,3,2,2,1,1,2,1,2,2,1,2,4,2,2,2,4,2,2,2,2,3,3,2,3,5,5,2,7,3,6,5,2,5,5,2,2,5,2,4,5,2,2,5,5
469,1/1/1980 0:00,8,de,1619216797,2,23,1,1,1,0,1,,,,,,,,,,,,,,,,,"ehrgeizig, selbstsicher, intelligent, ",2,3,2,2,5,5,4,5,3,1,1,5,5,1,3,3,1,1,2,1,1,1,1,2,1,1,1,5,1,5,5,5,5,5,5,5,3,1,1,1,1,1,1,7,2,5,3,1,2,3,1,2,1,1,4,1,1,1,4,1
470,1/1/1980 0:00,8,de,982861793,2,32,1,1,1,1,0,,,,,,,,,,,,,,,,,,2,3,2,2,3,4,4,4,2,1,3,3,4,3,1,3,3,2,6,5,5,5,5,2,3,2,3,4,4,3,4,4,4,3,3,4,4,1,3,5,3,4,3,2,3,6,7,7,2,7,7,6,7,7,1,3,1,6,6,7
471,1/1/1980 0:00,8,de,177051503,1,26,2,3,1,0,1,"Zielstrebig, Strukturiert, ehrgeizig",1,2,3,2,5,5,5,5,4,1,2,5,5,1,1,,,,,,,,,,,,,,,,,1,1,1,4,1,1,1,1,2,1,1,1,3,2,1,2,4,3,2,3,4,3,6,2,4,1,1,6,6,4,6,4,1,1,5,1,1,1,1,7,1,1,1,5,1
472,1/1/1980 0:00,8,de,2123218795,1,44,1,3,1,0,1,"egozentrisch, oberflächlich",3,5,5,3,3,4,3,4,4,4,3,3,4,4,4,,,,,,,,,,,,,,,,,3,3,3,5,3,2,3,2,5,4,3,1,1,2,1,3,2,2,3,2,2,2,2,3,2,1,1,3,2,2,6,6,2,5,6,1,1,2,1,2,3,1,1,2,2
473,1/1/1980 0:00,8,de,934106674,1,21,1,2,0,0,0,keinen selbswert,5,5,3,1,3,5,5,3,3,3,3,1,5,4,1,,,,,,,,,,,,,,,,,4,3,1,4,1,2,1,1,3,3,1,1,4,1,1,1,2,2,3,1,2,4,1,2,5,1,3,5,2,4,2,7,1,1,7,1,1,1,1,7,1,1,1,1,1
474,1/1/1980 0:00,8,de,565501300,2,53,1,4,1,0,1,,,,,,,,,,,,,,,,,,3,4,4,2,4,5,5,5,5,3,3,3,5,3,3,2,2,2,3,1,2,1,1,1,1,1,1,1,1,1,1,1,1,1,1,2,1,2,7,3,1,2,7,7,7,7,7,1,3,3,7,3,4,1,1,1,1,1,4,5
475,1/1/1980 0:00,8,de,359475015,2,34,1,3,1,0,1,,,,,,,,,,,,,,,,,"Zielstrebig, modern ",2,3,1,1,4,5,5,4,1,1,2,4,5,2,1,1,2,1,2,1,1,1,1,1,2,1,1,2,3,1,2,1,2,1,1,1,1,3,5,5,1,1,3,4,3,2,5,4,6,5,7,6,2,1,4,1,1,1,7,2
476,1/1/1980 0:00,8,de,336771325,1,42,1,3,0,0,1,"Perfektionistisch
Niedriger Selbstwert
Will gefallen, braucht viel Anerkennung im Außen
Ein wenig unreflektiert
Kann nicht gut alleine sein",5,5,5,4,2,4,3,2,5,3,5,2,3,3,3,,,,,,,,,,,,,,,,,1,5,1,5,1,1,1,1,6,2,2,2,4,3,3,3,3,2,3,3,3,2,2,1,2,1,2,2,1,2,3,5,3,5,4,3,3,6,1,2,5,1,1,6,3
477,1/1/1980 0:00,8,de,1554733702,1,33,1,3,1,0,1,"ehrgeizig
zielstrebig
unsicher
",4,3,1,1,1,5,5,5,3,1,4,1,5,3,3,,,,,,,,,,,,,,,,,1,3,5,5,1,1,1,2,6,6,1,1,1,1,1,4,3,4,3,1,3,3,5,1,4,1,3,3,1,3,6,7,2,5,5,1,1,5,1,3,1,1,1,5,1
478,1/1/1980 0:00,8,de,924254468,2,24,1,3,0,0,0,,,,,,,,,,,,,,,,,,2,4,3,4,3,4,4,5,4,2,3,4,4,1,1,3,2,5,4,1,2,3,1,7,7,3,1,3,4,5,4,4,3,4,4,4,4,3,5,7,5,6,5,3,5,7,4,2,4,4,6,1,7,6,3,4,3,5,4,5
479,,2,de,837834783,1,27,1,1,1,0,1,,,,,,,,,,,,,,,,,,,,,,,,,,,,,,,,,,,,,,,,,,,,,,,,,,,,,,,,,,,,,,,,,,,,,,,,,,,,,
480,1/1/1980 0:00,8,de,255161811,2,28,1,1,0,0,0,,,,,,,,,,,,,,,,,,1,3,1,2,5,5,4,5,1,1,1,5,5,2,1,1,2,5,5,1,3,6,1,6,6,3,1,1,1,1,2,3,1,1,1,1,1,2,1,1,3,4,2,1,1,1,5,1,2,1,2,1,1,1,5,1,1,1,7,1
481,1/1/1980 0:00,8,de,1286097978,1,23,1,2,1,0,1,,4,4,3,3,2,5,4,3,3,3,4,2,5,1,1,,,,,,,,,,,,,,,,,4,3,6,4,1,5,4,1,1,1,1,3,5,3,2,5,5,5,5,4,4,5,4,5,7,2,3,7,4,6,7,5,7,3,6,7,7,7,1,1,1,1,1,7,1
482,1/1/1980 0:00,8,de,600541520,2,43,1,4,1,0,1,,,,,,,,,,,,,,,,,Selbstbewusst,4,3,2,3,4,4,3,3,3,2,2,3,4,2,1,2,2,4,2,1,2,3,1,4,2,1,2,4,1,1,3,2,3,2,3,2,2,1,4,2,1,1,1,4,3,3,1,2,2,2,1,3,3,2,5,1,1,2,1,2
483,1/1/1980 0:00,8,de,1111239620,1,30,1,3,1,0,1,,3,3,4,2,3,3,3,4,3,3,4,3,4,4,1,,,,,,,,,,,,,,,,,5,3,3,2,1,3,3,1,2,2,2,3,5,2,2,2,4,3,4,3,4,3,4,2,3,5,4,2,1,2,5,4,4,3,3,3,6,6,2,1,3,1,1,5,1
484,1/1/1980 0:00,8,de,1377714820,2,24,1,1,1,1,1,,,,,,,,,,,,,,,,,,1,3,2,5,5,5,5,3,2,1,1,5,5,1,1,7,6,7,4,1,1,3,1,7,5,1,1,5,4,5,5,5,5,5,5,5,5,6,4,6,1,1,7,7,7,7,7,7,3,7,1,5,7,1,1,1,1,1,7,1
485,,2,de,1185372593,1,18,1,1,0,0,0,,,,,,,,,,,,,,,,,,,,,,,,,,,,,,,,,,,,,,,,,,,,,,,,,,,,,,,,,,,,,,,,,,,,,,,,,,,,,
486,1/1/1980 0:00,8,de,1254692080,1,27,1,3,1,0,1,,5,5,5,4,2,5,5,4,5,4,5,4,5,3,2,,,,,,,,,,,,,,,,,2,2,3,6,2,3,2,2,3,4,4,3,3,3,3,5,3,4,4,3,3,3,1,3,3,1,2,6,3,2,4,2,5,2,2,3,2,3,6,6,5,3,5,6,3
487,,1,de,1719408469,1,,,,,,,,,,,,,,,,,,,,,,,,,,,,,,,,,,,,,,,,,,,,,,,,,,,,,,,,,,,,,,,,,,,,,,,,,,,,,,,,,,,
488,1/1/1980 0:00,8,de,273886460,2,30,2,3,0,0,1,,,,,,,,,,,,,,,,,"Zielstrebig, fleißig, aufgeschlossen, extrovertiert, ",3,3,2,2,4,5,4,4,3,2,3,4,5,1,3,1,1,2,1,1,1,3,1,7,5,5,1,5,2,2,2,5,4,3,2,4,4,1,3,4,2,3,7,7,3,7,5,2,4,5,4,2,7,1,6,1,1,1,5,3
489,1/1/1980 0:00,8,de,745327701,1,26,1,3,0,0,0,Ehrgeizig,3,4,2,3,4,5,4,5,3,2,3,3,4,1,1,,,,,,,,,,,,,,,,,1,2,2,1,1,1,1,1,7,1,1,1,3,1,1,3,2,2,4,1,2,3,2,3,4,2,1,2,1,2,7,5,3,2,5,2,2,2,1,4,1,1,1,4,1
490,1/1/1980 0:00,8,de,1080985720,1,39,1,3,1,1,1,"Beeinflussbar, unsicher, erfolgsorientiert, ehrgeizig  ",5,4,4,3,2,3,3,3,4,2,4,1,4,2,1,,,,,,,,,,,,,,,,,4,5,6,6,3,2,2,1,6,6,6,6,5,2,2,4,4,4,4,4,4,4,2,3,4,4,4,6,5,6,4,4,5,4,5,5,6,6,3,3,5,2,3,5,5
491,1/1/1980 0:00,8,de,324524225,2,28,1,3,1,0,1,,,,,,,,,,,,,,,,,"Ehrgeizig
Karriere ist ihr wichtig
Etwas oberflächlich
Will es jedem Recht machen
",4,5,5,2,3,5,4,5,5,3,5,2,5,4,2,1,2,2,2,1,1,2,1,2,2,1,2,4,3,2,3,3,3,3,3,3,2,1,3,4,2,2,4,2,4,6,7,5,5,4,5,5,2,1,1,5,1,1,4,1
492,,1,de,59731758,1,,,,,,,,,,,,,,,,,,,,,,,,,,,,,,,,,,,,,,,,,,,,,,,,,,,,,,,,,,,,,,,,,,,,,,,,,,,,,,,,,,,
493,1/1/1980 0:00,8,de,435225282,2,28,1,3,1,0,0,,,,,,,,,,,,,,,,,"Nett, ehrlich, klar denkend ",3,2,2,3,4,5,5,3,2,1,2,3,3,1,1,2,2,3,2,1,1,1,1,1,1,1,3,3,1,1,3,2,2,2,2,2,2,1,3,3,2,2,3,2,2,6,6,3,4,5,6,5,5,3,1,3,3,3,4,3
494,1/1/1980 0:00,8,de,422727800,1,18,1,0,0,0,0,,3,4,2,2,3,5,4,3,5,2,4,2,4,2,1,,,,,,,,,,,,,,,,,3,6,6,7,1,1,3,1,1,2,1,1,5,2,4,5,4,4,4,5,4,5,2,4,5,3,3,7,2,5,7,6,2,4,7,7,7,7,3,1,1,1,1,7,4
495,1/1/1980 0:00,8,de,1513535439,2,35,1,3,1,0,1,,,,,,,,,,,,,,,,,"diszipliniert, fokussiert",2,5,5,3,3,5,4,4,5,3,3,3,5,3,3,1,1,4,4,1,1,4,1,5,3,1,1,5,1,1,3,4,3,4,4,3,3,3,1,1,1,1,2,1,1,3,3,3,3,3,3,5,1,1,1,1,1,1,3,1
496,1/1/1980 0:00,8,de,935607906,1,23,1,3,1,0,1,,1,5,1,3,5,5,5,4,3,1,1,4,5,1,1,,,,,,,,,,,,,,,,,7,4,5,7,1,1,5,1,4,4,4,4,5,5,5,5,5,5,5,5,5,5,2,5,4,1,3,5,4,4,7,7,2,5,7,1,1,4,1,1,1,1,2,7,7
497,,1,de,453882961,2,,,,,,,,,,,,,,,,,,,,,,,,,,,,,,,,,,,,,,,,,,,,,,,,,,,,,,,,,,,,,,,,,,,,,,,,,,,,,,,,,,,
498,1/1/1980 0:00,8,de,1794386383,2,29,1,3,1,0,0,,,,,,,,,,,,,,,,,"Ehrgeizig, organisiert, sozial engagiert, hübsch ",1,3,4,4,5,5,5,4,5,2,2,4,5,1,1,3,5,3,5,1,1,2,1,5,4,3,4,3,1,1,2,2,3,3,3,3,2,1,3,5,1,3,5,3,5,4,4,2,3,4,5,4,1,1,4,1,1,5,4,4
499,,3,de,493696026,2,24,1,1,1,0,1,,,,,,,,,,,,,,,,,,,,,,,,,,,,,,,,,,,,,,,,,,,,,,,,,,,,,,,,,,,,,,,,,,,,,,,,,,,,,
500,1/1/1980 0:00,8,de,1941752536,1,52,1,2,1,0,0,"Eine hübsche selbstständige Frau
",1,5,3,3,5,5,5,5,1,1,1,5,5,1,1,,,,,,,,,,,,,,,,,1,1,1,3,1,1,1,1,3,1,1,1,1,1,1,1,1,1,1,1,1,1,1,4,4,1,2,4,1,4,7,7,1,7,7,7,7,7,7,1,4,1,1,7,7
501,,5,de,1182532477,1,26,1,2,1,0,0,"Eingebildet, perfektionistisch, arrogant, humorlos",4,5,5,4,3,5,5,3,5,5,5,3,4,5,4,,,,,,,,,,,,,,,,,3,2,3,3,1,1,3,1,2,1,1,4,,,,,,,,,,,,,,,,,,,,,,,,,,,,,,,,,
502,1/1/1980 0:00,8,de,1983436717,2,29,1,3,1,0,0,,,,,,,,,,,,,,,,,,3,4,3,4,3,4,4,4,4,2,2,4,4,2,2,2,2,1,5,1,2,1,1,5,2,1,1,2,1,1,1,1,2,2,1,1,1,2,2,1,2,2,1,4,2,6,6,3,4,7,5,5,2,1,2,1,2,1,4,3
503,,3,de,1540847155,2,31,1,2,1,1,1,,,,,,,,,,,,,,,,,,,,,,,,,,,,,,,,,,,,,,,,,,,,,,,,,,,,,,,,,,,,,,,,,,,,,,,,,,,,,
504,1/1/1980 0:00,8,de,1743307859,1,26,1,3,0,0,1,"Eitel
",3,5,4,2,4,5,5,5,5,2,2,5,5,3,1,,,,,,,,,,,,,,,,,1,2,1,4,1,1,1,1,7,3,1,1,4,1,1,5,5,5,5,5,5,5,2,5,7,7,3,7,1,7,7,7,3,5,7,7,7,7,1,1,1,1,1,7,1
505,1/1/1980 0:00,8,de,747643342,1,56,1,4,1,0,1,,3,4,3,3,5,5,5,5,3,3,2,4,5,2,1,,,,,,,,,,,,,,,,,1,1,1,1,1,3,1,1,3,1,1,1,1,1,1,1,1,1,1,1,1,3,5,6,6,4,3,7,3,4,4,4,1,4,4,1,4,4,1,7,1,1,1,4,1
506,1/1/1980 0:00,8,de,1379642702,1,19,1,2,0,0,0,"Unsichere, versucht sich und anderen besser zu gefallen.",4,5,5,3,2,4,5,3,5,5,5,3,5,5,2,,,,,,,,,,,,,,,,,5,7,7,7,4,6,7,2,4,7,7,2,5,4,3,5,5,5,5,5,5,5,7,7,7,4,7,7,7,7,5,7,4,3,5,7,7,7,3,4,1,1,1,6,7
507,1/1/1980 0:00,8,de,1208044974,2,26,1,2,0,1,1,,,,,,,,,,,,,,,,,"organisiert, unabhängig, selbstständig",5,2,2,3,5,5,5,4,1,1,1,4,4,1,1,3,2,2,4,1,1,2,1,5,3,2,2,4,2,3,3,4,3,3,2,2,3,3,4,4,3,4,5,4,5,6,5,3,4,7,1,2,3,1,1,2,1,1,5,1
508,1/1/1980 0:00,8,de,990022019,1,21,1,3,1,0,1,,4,5,4,2,2,5,5,5,5,1,2,1,5,4,1,,,,,,,,,,,,,,,,,1,1,1,7,1,1,1,1,5,7,1,1,5,2,4,5,5,5,5,5,1,1,2,5,3,5,2,5,1,2,7,7,7,7,7,7,7,7,1,1,1,7,4,7,7
509,1/1/1980 0:00,8,de,1944066855,1,20,1,1,0,1,1,"Perfektionistin
Mutig
",2,3,1,1,5,5,5,5,1,1,1,4,5,2,1,,,,,,,,,,,,,,,,,1,1,3,2,1,1,3,1,1,1,1,1,5,4,3,5,5,4,4,3,3,3,1,1,1,1,1,7,1,1,7,7,7,7,7,7,7,7,1,1,1,1,4,7,2
510,1/1/1980 0:00,8,de,1845274517,2,23,1,4,0,0,0,,,,,,,,,,,,,,,,,Selbstbewusst,5,5,4,2,5,5,5,4,1,3,1,5,5,3,2,1,6,7,7,1,1,1,1,7,7,1,7,5,1,1,1,1,1,1,1,1,1,1,3,7,4,7,7,4,7,7,4,5,1,7,7,5,7,1,1,1,1,1,7,1
511,,3,de,690717284,2,18,2,2,0,0,1,,,,,,,,,,,,,,,,,,,,,,,,,,,,,,,,,,,,,,,,,,,,,,,,,,,,,,,,,,,,,,,,,,,,,,,,,,,,,
512,1/1/1980 0:00,8,de,853849552,2,44,1,2,1,1,0,,,,,,,,,,,,,,,,,,1,3,5,4,5,5,5,5,5,4,1,5,5,4,2,1,1,1,1,1,2,1,1,1,1,1,2,3,1,1,1,1,2,1,1,1,1,2,1,1,7,3,1,3,2,6,6,3,5,7,4,7,5,1,1,1,1,1,7,1
513,1/1/1980 0:00,8,de,1072703707,2,29,1,1,0,0,1,,,,,,,,,,,,,,,,,,1,3,1,3,5,5,5,5,3,2,1,5,5,1,2,3,4,3,7,1,1,1,1,2,1,1,1,5,3,2,4,5,3,4,5,3,2,7,5,4,5,5,2,3,3,6,5,4,1,6,5,7,7,1,1,2,1,1,7,5
514,,1,de,173941936,2,,,,,,,,,,,,,,,,,,,,,,,,,,,,,,,,,,,,,,,,,,,,,,,,,,,,,,,,,,,,,,,,,,,,,,,,,,,,,,,,,,,
515,1/1/1980 0:00,8,de,1895925596,1,20,1,1,0,1,1,,2,3,1,2,4,5,4,5,3,1,1,3,5,1,1,,,,,,,,,,,,,,,,,1,1,2,1,1,1,1,1,3,1,1,1,1,1,1,3,1,1,2,1,1,2,2,2,7,1,2,1,1,2,5,7,1,1,6,1,1,7,1,1,1,1,1,1,1
516,1/1/1980 0:00,8,de,405200354,2,47,1,4,1,0,0,,,,,,,,,,,,,,,,,,5,5,4,4,5,5,5,4,3,2,2,5,5,2,1,4,3,3,4,3,5,5,4,3,4,4,2,4,2,2,3,4,3,4,2,4,2,5,2,2,2,3,7,6,4,1,4,1,3,5,5,4,2,4,5,2,3,4,4,5
517,1/1/1980 0:00,8,de,984928781,2,22,1,3,1,0,1,,,,,,,,,,,,,,,,,"Extravertiert
Selbstbewusst
Sensibel",1,4,4,3,5,5,5,5,4,3,1,5,4,4,2,3,6,6,5,1,2,4,1,6,6,6,1,2,1,2,4,5,3,5,5,5,2,5,1,3,3,5,1,4,2,2,2,2,2,2,1,2,7,1,3,1,2,1,1,1
518,1/1/1980 0:00,8,de,1842317090,1,19,1,1,0,0,0,"eitel, oberflächlich, stressig, perfektionistisch, leugnend, hart arbeitend, engagiert ",3,4,3,4,5,5,5,5,4,5,3,3,4,5,2,,,,,,,,,,,,,,,,,2,1,4,4,1,3,5,1,6,3,3,1,1,3,2,4,2,4,5,2,2,3,2,3,5,1,4,5,2,3,4,5,6,4,3,4,5,3,6,4,5,7,4,3,2
519,,4,de,1547810088,1,59,1,2,1,0,0,,1,1,5,3,4,5,3,5,4,1,1,5,5,2,4,,,,,,,,,,,,,,,,,,,,,,,,,,,,,,,,,,,,,,,,,,,,,,,,,,,,,,,,,,,,,
520,1/1/1980 0:00,8,de,180692598,2,38,1,2,0,0,1,,,,,,,,,,,,,,,,,"Ehrgeizig, Zielstrebig, ",1,3,3,1,5,5,5,5,3,1,1,5,5,2,1,1,1,2,4,1,1,1,1,2,1,1,1,1,1,1,1,1,2,1,1,1,1,1,4,4,1,2,6,1,4,2,3,1,5,6,2,1,1,1,3,1,1,1,5,4
521,1/1/1980 0:00,8,de,697412907,2,27,1,3,1,0,0,,,,,,,,,,,,,,,,,"Gut im Zeitmanagement, strukturiert, klar und direkt, aber auch freundlich in der Kommunikation, fürsorglich, aufgeschlossen",2,2,2,3,4,4,4,5,2,1,2,4,4,2,1,2,2,2,3,1,1,1,1,1,1,1,1,3,2,2,4,3,3,3,4,3,3,3,3,4,3,3,2,4,3,4,4,2,4,5,2,2,2,1,6,2,1,1,4,2
522,,3,de,753927271,2,22,1,2,1,0,1,,,,,,,,,,,,,,,,,,,,,,,,,,,,,,,,,,,,,,,,,,,,,,,,,,,,,,,,,,,,,,,,,,,,,,,,,,,,,
523,1/1/1980 0:00,8,de,1049422018,1,23,1,1,0,0,0,,3,5,4,2,3,4,3,3,5,4,4,3,3,5,4,,,,,,,,,,,,,,,,,1,2,1,2,1,1,1,1,3,1,1,1,3,3,1,1,4,1,4,3,4,5,7,4,7,2,5,7,4,7,5,4,3,2,4,6,4,7,1,2,1,4,2,5,6
524,1/1/1980 0:00,8,de,1585780653,2,21,1,1,1,0,1,,,,,,,,,,,,,,,,,,2,5,3,3,5,5,5,5,4,3,4,5,5,1,1,1,2,4,3,1,1,2,1,6,2,1,1,5,5,5,4,5,5,5,5,3,5,4,6,3,4,4,3,5,5,7,4,2,2,6,5,1,1,1,3,2,1,1,4,2
525,1/1/1980 0:00,8,de,2090563793,1,40,1,4,1,0,0,"zielstrebig, materialistisch, ordentlich, zuverlässig",4,3,2,2,2,4,4,4,5,3,4,2,4,4,3,,,,,,,,,,,,,,,,,1,1,3,3,1,1,1,1,5,2,1,1,3,2,1,1,2,2,2,2,2,2,2,4,4,1,4,5,6,4,5,3,1,3,2,1,3,1,1,2,1,1,1,5,1
526,1/1/1980 0:00,8,de,678769949,2,25,1,1,0,0,0,,,,,,,,,,,,,,,,,,1,3,3,2,2,4,3,3,3,3,3,3,3,3,3,1,2,1,4,4,3,2,4,3,3,2,1,5,5,3,1,5,2,4,3,4,5,4,3,7,4,4,7,4,7,4,7,1,3,4,4,4,1,1,3,1,1,1,6,3
527,1/1/1980 0:00,8,de,571232482,1,49,1,2,1,0,1,"Hübsch ,intelligent ",5,5,3,3,5,5,3,5,3,1,3,5,5,3,1,,,,,,,,,,,,,,,,,1,1,2,1,2,1,1,1,5,1,1,1,4,1,1,3,3,3,3,3,2,2,6,3,2,2,4,3,1,3,7,5,6,7,7,7,7,7,4,1,2,1,1,4,6
528,1/1/1980 0:00,8,de,65548971,1,23,1,3,0,0,0,,4,4,3,4,2,4,2,5,5,1,3,2,5,3,1,,,,,,,,,,,,,,,,,5,5,5,6,1,4,1,1,7,7,6,2,2,3,4,4,3,2,4,5,3,2,1,2,2,1,2,3,3,3,2,3,3,3,6,1,1,2,1,6,5,2,2,4,2
529,1/1/1980 0:00,8,de,1606651388,1,29,1,1,1,0,0," nach außen Selbstsicherheit ausstrahlen wollen; innerlich unsicher, gefallen wollen;",5,5,4,4,2,4,3,5,5,3,5,1,5,3,1,,,,,,,,,,,,,,,,,1,4,2,2,2,1,1,1,1,1,1,1,4,1,1,3,5,2,1,2,2,3,2,1,3,1,2,3,3,3,2,5,1,1,1,1,1,1,1,7,1,1,1,1,1
530,1/1/1980 0:00,8,de,565112452,1,33,1,3,1,0,0,,3,3,2,2,3,3,4,4,3,2,3,2,3,2,1,,,,,,,,,,,,,,,,,2,2,1,3,1,1,1,1,1,1,1,1,3,1,1,1,3,1,3,2,2,2,6,1,1,2,2,1,2,1,7,6,4,5,5,4,5,4,3,2,3,1,2,6,1
531,,5,de,379321650,1,26,1,1,0,0,0,,2,4,3,3,4,4,4,4,4,2,4,4,4,3,2,,,,,,,,,,,,,,,,,1,1,1,1,1,1,1,1,1,1,1,1,,,,,,,,,,,,,,,,,,,,,,,,,,,,,,,,,
532,1/1/1980 0:00,8,de,1276923553,1,22,1,1,0,0,0,"streng, ehrgeizig, dominant",1,4,1,4,5,5,5,5,1,1,1,5,5,1,2,,,,,,,,,,,,,,,,,4,5,2,5,1,1,2,1,2,2,1,2,5,1,1,4,5,4,4,4,4,5,1,4,4,1,2,6,1,3,7,7,1,6,7,4,5,4,1,5,1,1,1,7,5
533,1/1/1980 0:00,8,de,1157792880,2,21,2,3,0,0,0,,,,,,,,,,,,,,,,,"schön, klug, clever, bedacht, nicht-impulsiv, wohlhabend, gebildet, ",2,4,3,4,4,5,5,5,3,1,2,4,5,1,1,4,5,4,7,1,1,3,1,6,5,5,1,4,2,2,5,4,5,5,5,5,4,2,1,2,3,1,4,1,2,4,4,2,2,5,4,4,7,1,6,3,1,3,2,2
534,1/1/1980 0:00,8,de,1194033825,1,23,1,2,0,0,1,,2,2,2,2,4,4,4,5,3,2,1,3,4,1,1,,,,,,,,,,,,,,,,,2,1,2,2,1,1,2,1,3,1,1,1,3,3,2,2,3,2,2,2,2,1,3,1,5,1,2,2,3,2,7,5,6,3,6,6,6,7,4,1,3,1,1,4,3
535,1/1/1980 0:00,8,de,725113814,2,26,0,3,1,0,0,,,,,,,,,,,,,,,,,"ehrgeizig, diszipliniert",4,3,3,2,2,2,2,2,4,4,4,3,2,4,4,2,1,2,1,1,1,2,1,5,2,1,1,4,1,1,1,3,1,4,1,1,1,2,6,6,2,3,7,3,6,4,5,3,4,5,5,6,5,2,3,1,1,2,5,1
536,1/1/1980 0:00,8,de,1305731474,1,24,1,2,1,0,0,,3,4,3,3,3,4,4,3,4,4,4,3,4,2,2,,,,,,,,,,,,,,,,,1,2,3,4,1,1,1,1,2,2,1,1,4,3,3,4,3,3,4,3,3,3,2,4,4,5,3,3,1,3,6,6,1,6,6,1,1,1,1,7,1,1,1,3,1
537,,1,de,1945990730,2,,,,,,,,,,,,,,,,,,,,,,,,,,,,,,,,,,,,,,,,,,,,,,,,,,,,,,,,,,,,,,,,,,,,,,,,,,,,,,,,,,,
538,1/1/1980 0:00,8,de,288418188,1,24,1,1,1,0,0,Sie ist sehr gepflegt und liebt es wenn sie nach außen strahlt,3,3,1,4,3,5,5,4,4,1,2,3,5,2,2,,,,,,,,,,,,,,,,,1,1,1,2,1,1,1,1,2,1,3,1,3,1,1,3,3,2,1,1,1,2,1,4,2,2,1,4,4,1,7,7,7,5,7,7,7,2,1,1,1,1,1,4,1
539,1/1/1980 0:00,8,de,606079767,2,24,1,2,1,0,0,,,,,,,,,,,,,,,,,,3,4,3,5,5,5,4,4,2,3,2,3,4,4,3,1,4,4,1,1,3,3,1,1,5,4,2,1,3,3,4,4,3,3,3,4,4,1,4,4,1,3,4,1,4,7,3,1,4,5,3,1,5,1,4,1,1,1,4,4
540,,5,de,2120078654,2,25,1,2,0,0,0,,,,,,,,,,,,,,,,,,1,2,1,1,5,5,5,4,1,1,1,3,5,1,1,1,1,1,1,1,1,1,1,1,1,1,1,,,,,,,,,,,,,,,,,,,,,,,,,,,,,,,,,
541,1/1/1980 0:00,8,de,1496994626,1,24,1,1,0,0,1,empathisch ,3,4,1,2,4,4,5,5,3,1,1,4,4,1,1,,,,,,,,,,,,,,,,,1,1,1,2,1,2,1,1,2,2,2,1,1,1,1,2,1,2,1,1,1,1,2,1,3,5,2,1,2,2,7,5,6,2,4,4,7,6,1,1,1,1,1,3,1
542,1/1/1980 0:00,8,de,1863260629,2,25,1,3,1,1,1,,,,,,,,,,,,,,,,,"erfolgreich, gepflegt, kontaktfreudig",2,3,2,2,4,4,3,3,3,2,2,4,4,1,1,2,3,3,3,2,1,1,1,2,3,2,2,3,2,2,3,2,3,3,3,3,3,2,3,3,2,3,3,4,3,7,7,7,7,7,7,7,7,2,1,4,5,2,7,2
543,,7,de,79227891,2,33,1,3,1,0,0,,,,,,,,,,,,,,,,,,1,2,2,4,5,5,4,5,4,2,2,4,5,1,1,5,2,1,7,4,2,1,3,4,5,3,1,4,4,5,2,5,5,5,5,5,5,4,1,1,1,3,2,3,5,,,,,,,,,,,,,,,
544,1/1/1980 0:00,8,de,1481148250,1,56,1,1,1,1,1,,3,3,2,2,2,2,2,3,3,3,5,2,2,3,4,,,,,,,,,,,,,,,,,1,5,5,6,4,4,3,2,6,5,4,1,4,4,3,4,3,4,4,4,4,4,2,4,2,6,4,4,4,3,6,5,6,7,7,6,7,7,4,1,6,2,4,7,7
545,1/1/1980 0:00,8,de,1009411766,1,49,1,2,0,0,1,,3,3,3,3,3,3,3,3,3,3,3,3,3,3,3,,,,,,,,,,,,,,,,,1,1,1,1,1,1,1,1,1,1,1,1,1,1,1,1,1,1,1,1,1,1,2,2,2,2,2,2,2,2,1,1,1,1,4,1,1,1,1,4,1,1,1,2,1
546,,3,de,2135071816,2,23,1,2,1,0,1,,,,,,,,,,,,,,,,,,,,,,,,,,,,,,,,,,,,,,,,,,,,,,,,,,,,,,,,,,,,,,,,,,,,,,,,,,,,,
547,1/1/1980 0:00,8,de,1938817076,2,24,1,1,0,0,0,,,,,,,,,,,,,,,,,"Ruhig, einfühlsam, strebsam",4,4,3,1,2,5,3,5,3,2,3,2,5,1,1,1,1,1,2,1,1,1,1,3,1,1,1,1,1,1,1,1,1,1,1,1,1,2,5,4,1,3,7,7,4,3,1,1,3,3,1,1,1,1,7,1,1,1,5,1
548,1/1/1980 0:00,8,de,51221325,1,29,1,3,1,0,1,"Perfektionistisch, unsicher, hilfsbereit, ",5,5,3,2,2,5,5,3,5,3,5,1,5,3,1,,,,,,,,,,,,,,,,,1,2,1,2,1,2,1,1,1,1,1,1,5,1,1,5,5,5,5,5,5,5,3,2,4,1,2,2,1,2,5,7,2,6,6,2,2,2,2,6,3,2,1,4,2
549,1/1/1980 0:00,8,de,806396857,2,24,1,3,1,0,0,,,,,,,,,,,,,,,,,"zielstrebig
genau
""Karrierefrau""
Durchsetzungsvermögen
strukturiert",2,5,3,4,4,5,4,4,4,3,2,3,5,1,1,2,2,2,4,1,3,3,1,2,1,1,1,5,2,2,2,4,2,2,2,1,1,1,3,5,3,2,3,2,4,7,4,2,5,6,5,5,3,1,3,1,1,1,3,1
550,1/1/1980 0:00,8,de,2107446391,2,30,1,3,1,0,0,,,,,,,,,,,,,,,,,"Gepflegtes Aussehen 
Freundliche Ausstrahlung ",3,4,1,3,4,5,4,3,4,1,3,4,4,1,1,1,1,1,1,1,1,1,1,1,1,1,1,3,1,1,3,3,4,4,2,3,3,2,1,3,1,3,2,3,3,2,3,1,4,4,1,1,1,1,7,1,1,1,1,1
551,1/1/1980 0:00,8,de,1452486523,2,29,1,1,0,0,0,,,,,,,,,,,,,,,,,,1,1,1,2,4,4,4,4,2,1,2,4,5,1,1,5,5,7,7,1,1,7,1,5,5,3,1,4,1,1,4,5,5,4,2,2,2,4,3,4,3,3,3,4,3,6,7,6,5,6,7,7,7,1,1,4,1,1,5,5
552,1/1/1980 0:00,8,de,1762367658,1,36,1,3,0,0,1,,4,5,4,3,3,5,5,4,4,3,4,3,5,3,3,,,,,,,,,,,,,,,,,5,5,4,6,1,2,4,1,6,5,4,2,4,2,3,4,4,5,5,3,4,5,3,3,4,2,4,6,4,6,7,6,7,4,6,5,4,6,3,1,5,7,3,5,6
553,,2,de,1714302830,1,26,1,2,1,0,0,,,,,,,,,,,,,,,,,,,,,,,,,,,,,,,,,,,,,,,,,,,,,,,,,,,,,,,,,,,,,,,,,,,,,,,,,,,,,
554,,2,de,2111929020,1,24,1,0,1,0,0,,,,,,,,,,,,,,,,,,,,,,,,,,,,,,,,,,,,,,,,,,,,,,,,,,,,,,,,,,,,,,,,,,,,,,,,,,,,,
555,1/1/1980 0:00,8,de,1490591503,2,19,1,1,0,0,1,,,,,,,,,,,,,,,,,,2,4,3,3,4,5,5,4,2,1,1,4,4,1,1,1,3,3,4,1,2,1,1,3,3,2,1,5,3,1,5,5,5,5,5,5,5,2,3,4,1,2,4,2,3,5,4,2,3,6,6,5,4,3,3,1,1,1,3,4
556,1/1/1980 0:00,8,de,814807470,1,23,1,3,1,0,1,"ehrgeizig, oberflächlich",4,5,3,4,2,5,5,4,5,3,5,2,5,3,1,,,,,,,,,,,,,,,,,5,2,1,3,1,1,1,1,4,1,1,1,4,4,3,3,4,4,2,3,3,4,2,3,2,1,2,1,5,2,3,3,1,1,2,1,2,1,1,6,1,1,1,2,1
557,1/1/1980 0:00,8,de,922753165,1,26,1,1,0,0,0,,1,5,3,1,5,5,5,5,5,3,3,5,5,3,1,,,,,,,,,,,,,,,,,1,1,3,1,1,1,4,1,7,4,1,1,1,1,1,1,1,1,1,1,1,1,1,1,1,1,1,4,1,1,1,7,1,4,7,1,1,1,1,7,1,1,1,1,1
558,1/1/1980 0:00,8,de,562877084,2,24,1,1,1,0,0,,,,,,,,,,,,,,,,,,3,4,4,2,3,5,5,4,3,1,3,4,4,1,1,3,2,1,2,1,1,1,1,3,1,1,3,3,2,3,1,2,3,1,1,1,2,6,1,1,3,4,2,2,3,6,5,6,5,6,7,1,6,1,1,1,1,1,4,3
559,,3,de,1521263665,2,30,1,1,1,0,1,,,,,,,,,,,,,,,,,"Humorvoll
Engagiert
Zielstrebig
",2,3,2,3,4,4,4,,,1,1,3,5,1,1,,,,,,,,,,,,,,,,,,,,,,,,,,,,,,,,,,,,,,,,,,,,,
560,,1,de,662912432,2,,,,,,,,,,,,,,,,,,,,,,,,,,,,,,,,,,,,,,,,,,,,,,,,,,,,,,,,,,,,,,,,,,,,,,,,,,,,,,,,,,,
561,1/1/1980 0:00,8,de,682567148,2,30,1,3,1,0,0,,,,,,,,,,,,,,,,,,1,5,3,3,4,5,5,5,4,2,3,4,5,2,2,1,4,3,7,4,2,5,1,6,5,1,2,4,1,1,5,4,5,3,3,3,3,2,5,6,1,3,6,3,5,5,3,1,3,4,5,3,1,2,5,3,1,3,5,1
562,1/1/1980 0:00,8,de,583611066,2,45,1,3,1,0,1,,,,,,,,,,,,,,,,,"Selbstbewusst
Erfolgreich
Kommunikativ",2,4,3,4,4,3,3,3,3,2,1,4,4,2,2,1,2,2,4,2,1,2,1,4,4,2,1,1,1,1,3,1,3,1,1,1,1,2,2,2,2,2,2,2,3,3,2,2,2,3,1,1,2,1,2,2,1,1,2,1
563,,3,de,1470291176,2,28,1,1,1,0,0,,,,,,,,,,,,,,,,,,,,,,,,,,,,,,,,,,,,,,,,,,,,,,,,,,,,,,,,,,,,,,,,,,,,,,,,,,,,,
564,1/1/1980 0:00,8,de,885856478,2,24,1,1,1,0,1,,,,,,,,,,,,,,,,,"zuverlässig, diszipliniert, bemüht, ehrgeiz ",3,3,2,3,3,4,4,4,4,3,2,3,4,2,3,1,1,1,1,1,1,1,1,1,1,1,2,4,4,2,2,2,2,3,4,4,1,1,1,1,1,2,2,3,1,1,1,1,2,2,1,1,1,1,7,1,1,1,1,1
565,1/1/1980 0:00,8,de,408707281,1,19,2,1,0,0,0,"ordentlich, genau",3,4,4,4,2,3,5,2,4,2,3,2,4,2,3,,,,,,,,,,,,,,,,,3,3,1,4,1,1,1,1,5,2,1,1,1,2,2,5,2,5,1,2,1,5,1,1,4,1,3,5,2,3,7,5,5,3,5,7,7,5,1,2,1,1,1,5,1
566,1/1/1980 0:00,8,de,1216231727,1,22,1,3,0,0,0,"erfolgreich (wie alle Frauen die tun was sie lieben)
hohe anforderungen an sich und andre
strebsam 
etwas unglücklich mit sich selbst vielleicht ",3,4,1,2,4,5,5,5,3,1,2,3,5,3,1,,,,,,,,,,,,,,,,,1,1,1,1,1,1,1,1,1,1,1,1,1,2,2,2,2,2,1,1,4,1,3,1,1,1,1,1,1,1,2,2,2,1,5,3,1,2,1,5,1,1,1,2,1
567,1/1/1980 0:00,8,de,836418456,2,24,1,3,1,0,1,,,,,,,,,,,,,,,,,"Ehrgeizig, gebildet, freundlich, erfolgreich",4,4,4,3,4,4,4,4,4,2,3,3,4,1,2,3,3,3,4,1,1,1,1,2,2,1,1,2,2,3,3,4,4,4,4,4,4,5,4,4,1,3,4,5,4,5,5,6,6,5,6,7,7,7,6,2,1,1,6,6
568,1/1/1980 0:00,8,de,90807485,1,43,1,3,1,0,1,"Selbstbewusst, willensstark, tough",1,5,2,4,5,5,5,5,2,1,1,5,5,1,1,,,,,,,,,,,,,,,,,1,1,1,5,1,1,1,1,5,4,4,1,1,1,1,3,4,4,3,4,4,4,5,2,7,1,3,3,1,3,5,5,1,4,5,6,5,5,1,5,1,1,1,7,1
569,1/1/1980 0:00,8,de,545451365,1,24,1,3,1,0,1,,3,4,3,2,2,4,4,5,4,3,3,2,4,4,1,,,,,,,,,,,,,,,,,1,3,2,1,1,1,2,1,1,3,1,1,4,4,4,4,2,4,4,2,4,4,5,3,3,3,3,4,4,3,6,6,4,6,6,2,7,7,1,2,1,1,1,5,1
570,,1,de,335550433,1,,,,,,,,,,,,,,,,,,,,,,,,,,,,,,,,,,,,,,,,,,,,,,,,,,,,,,,,,,,,,,,,,,,,,,,,,,,,,,,,,,,
571,1/1/1980 0:00,8,de,188545912,2,26,1,3,0,0,0,,,,,,,,,,,,,,,,,"jugendliches Aussehen
selbstbewusst
natürlich
",1,4,2,4,5,4,4,5,3,3,2,5,4,1,2,1,2,1,2,1,1,1,1,2,1,1,1,2,1,1,3,2,2,1,1,1,2,2,1,3,1,1,1,4,1,3,3,2,3,3,3,4,4,1,1,1,1,1,3,1
572,1/1/1980 0:00,8,de,1400863814,2,25,1,3,1,0,1,,,,,,,,,,,,,,,,,"Engagiert, zielstrebig, karriereorientiert",2,4,3,3,4,5,4,5,3,2,2,4,4,3,3,4,4,4,4,2,3,3,3,5,5,5,2,1,2,3,4,4,4,4,4,4,4,3,4,5,2,1,5,4,4,5,5,5,4,1,6,6,5,3,2,5,1,2,5,5
573,1/1/1980 0:00,8,de,514851826,2,25,1,1,1,0,1,,,,,,,,,,,,,,,,,,3,5,2,2,3,4,4,3,2,2,2,3,4,2,2,1,1,2,1,1,1,1,1,3,2,1,1,2,1,1,1,2,3,3,1,2,2,2,3,3,1,1,4,1,1,3,3,4,2,2,2,4,4,1,2,1,1,1,2,1
574,,2,de,648616698,1,25,0,0,1,0,0,,,,,,,,,,,,,,,,,,,,,,,,,,,,,,,,,,,,,,,,,,,,,,,,,,,,,,,,,,,,,,,,,,,,,,,,,,,,,
575,1/1/1980 0:00,8,de,1278429328,1,26,1,1,0,0,1,,5,5,5,3,3,5,5,4,5,3,3,3,5,4,1,,,,,,,,,,,,,,,,,4,5,4,5,3,3,4,3,5,4,5,5,5,3,3,4,5,5,5,5,5,5,3,2,2,5,4,3,2,3,7,7,7,7,7,7,7,7,7,1,3,5,4,6,7
576,1/1/1980 0:00,8,de,181478600,1,30,1,3,1,0,1,,3,4,3,3,3,4,4,3,4,3,2,3,4,2,2,,,,,,,,,,,,,,,,,1,1,1,3,1,2,1,1,3,2,2,1,1,1,1,1,2,1,2,2,2,1,4,1,1,1,1,2,1,1,3,6,1,6,5,1,1,2,1,5,1,1,1,5,1
577,1/1/1980 0:00,8,de,43253345,1,39,1,4,1,0,0,"Perfektionistin, achtet sehr auf ihr Äußeres, ist sehr darauf bedacht was andere von ihr denken, erfolgreich",2,1,1,2,2,1,2,2,1,2,2,4,2,2,3,,,,,,,,,,,,,,,,,1,1,1,4,2,5,5,1,5,4,4,2,2,1,1,2,1,1,1,1,1,1,2,3,4,2,1,1,3,3,5,5,1,5,5,1,1,1,1,6,1,1,2,5,3
578,,2,de,835628195,1,26,1,1,1,0,0,,,,,,,,,,,,,,,,,,,,,,,,,,,,,,,,,,,,,,,,,,,,,,,,,,,,,,,,,,,,,,,,,,,,,,,,,,,,,
579,1/1/1980 0:00,8,de,1777989098,1,22,1,1,1,0,1,"Fleißig, zielstrebig, liebevoll",2,5,2,3,5,5,3,4,2,1,2,4,5,1,1,,,,,,,,,,,,,,,,,1,2,2,4,2,1,1,1,1,1,1,1,2,1,1,2,1,2,3,2,2,2,1,3,2,1,2,2,2,3,6,4,1,3,4,1,1,1,1,7,1,1,1,4,1
580,1/1/1980 0:00,8,de,74473987,2,28,1,1,1,0,1,,,,,,,,,,,,,,,,,"Selbsständig, extrovertiert, aufmerksam",1,3,1,3,5,5,5,5,2,1,1,4,5,1,1,3,3,3,5,2,1,1,1,3,5,2,1,5,2,2,5,3,3,3,3,3,3,6,1,1,2,4,1,4,1,6,6,6,6,7,4,7,7,3,2,2,1,1,5,5
581,1/1/1980 0:00,8,de,1757756645,2,20,0,1,0,1,1,,,,,,,,,,,,,,,,,"Diszipliniert, intelligent, freundlich, ",2,1,2,2,3,5,5,5,3,2,2,4,5,2,1,3,5,4,6,1,1,1,1,3,5,6,1,4,5,1,2,5,5,5,5,1,5,1,3,5,5,3,3,2,3,5,5,7,4,7,7,7,7,1,1,2,7,1,4,7
582,,3,de,6417857,2,25,1,3,0,0,1,,,,,,,,,,,,,,,,,,,,,,,,,,,,,,,,,,,,,,,,,,,,,,,,,,,,,,,,,,,,,,,,,,,,,,,,,,,,,
583,1/1/1980 0:00,8,de,1420232375,2,31,1,1,1,0,1,,,,,,,,,,,,,,,,,,2,3,2,3,4,5,3,4,3,1,3,4,5,1,1,1,1,1,2,1,1,2,1,3,2,1,1,4,2,2,2,2,2,2,2,2,2,3,4,4,1,3,6,3,4,1,2,1,1,2,1,1,1,1,5,1,1,1,2,1
584,1/1/1980 0:00,8,de,1830123632,2,28,1,3,0,1,1,,,,,,,,,,,,,,,,,"Nett, sympathisch, klug",2,2,2,3,4,4,4,4,3,1,2,4,4,1,1,2,3,4,3,3,2,4,3,4,4,2,3,3,2,3,4,3,3,3,3,3,3,2,4,5,1,3,4,5,4,7,6,6,7,7,7,7,7,1,1,3,1,1,7,7
585,1/1/1980 0:00,8,de,716284244,1,23,1,2,1,0,1,,4,5,3,3,3,5,5,3,3,2,3,3,4,4,3,,,,,,,,,,,,,,,,,2,7,4,5,3,4,4,1,5,4,4,5,3,1,2,4,2,4,4,3,3,4,1,3,4,1,3,5,2,4,4,4,5,5,5,5,1,4,4,1,1,1,4,4,2
586,1/1/1980 0:00,8,de,1846089377,2,29,1,3,1,0,1,,,,,,,,,,,,,,,,,,3,4,4,2,3,4,4,4,4,3,3,3,4,1,2,2,3,2,3,1,1,2,1,1,1,1,1,2,2,2,2,2,2,2,2,2,2,2,2,5,2,2,3,1,3,6,4,4,4,4,7,4,6,1,3,4,1,1,4,1
587,1/1/1980 0:00,8,de,1006767765,1,26,1,3,0,0,1,,3,5,4,3,5,5,5,4,4,3,4,3,5,4,2,,,,,,,,,,,,,,,,,4,5,2,6,1,1,2,1,5,4,4,1,2,2,3,4,4,5,5,4,5,5,3,3,4,2,4,5,4,5,5,5,7,4,6,6,5,6,4,1,6,7,5,6,7
588,1/1/1980 0:00,8,de,137962953,1,54,1,3,1,0,0,"ehrgeizig, sehr konsequent in ihrem Lebensstil, mangelndes Selbstbewusstsein bezüglich ihres Aussehens",4,4,3,2,4,5,3,3,4,1,4,2,5,2,1,,,,,,,,,,,,,,,,,1,2,2,3,1,1,1,1,1,2,2,1,1,1,1,1,1,1,1,1,1,1,1,2,1,1,1,2,1,1,7,7,1,7,7,1,1,1,1,7,1,1,1,7,1
589,1/1/1980 0:00,8,de,1063625978,1,28,1,3,0,0,0,"Zielstrebig, diszipliniert, oberflächlich, selbstkritisch ",2,3,3,3,4,4,4,3,3,1,2,3,5,2,1,,,,,,,,,,,,,,,,,2,2,1,6,1,1,1,1,6,2,2,2,3,3,3,3,4,3,3,3,4,3,1,3,3,2,2,5,2,3,6,6,4,3,6,5,3,3,1,4,4,3,3,3,3
590,1/1/1980 0:00,8,de,1263262783,2,25,1,2,1,0,1,,,,,,,,,,,,,,,,,,3,3,2,3,4,4,4,4,3,1,2,4,4,2,1,2,3,3,4,1,1,1,1,4,2,2,1,5,5,5,5,5,5,5,4,5,5,5,5,5,5,5,3,2,4,3,2,2,1,4,2,2,7,1,6,1,1,1,1,1
591,1/1/1980 0:00,8,de,578947483,1,24,0,1,1,0,0,Unsicher,5,5,3,3,1,4,3,2,5,4,5,1,4,3,1,,,,,,,,,,,,,,,,,3,2,2,2,1,1,2,1,2,2,2,1,5,5,5,5,5,5,5,5,5,5,3,2,4,2,3,3,1,5,5,5,3,2,4,5,3,5,1,2,1,1,1,4,1
592,1/1/1980 0:00,8,de,506237585,2,21,2,0,1,0,0,,,,,,,,,,,,,,,,,,2,3,3,4,4,5,5,3,4,3,3,3,4,2,4,5,4,4,2,1,1,3,1,3,3,2,3,4,1,2,4,3,4,4,3,3,3,2,5,2,2,4,4,4,5,6,6,5,3,6,7,7,5,1,1,3,2,2,6,3
593,1/1/1980 0:00,8,de,505355520,1,30,2,3,1,0,0,"Zielstrebig
Selbstbewusst
Flexibel
Anpassungsfähig",2,2,2,3,4,4,2,3,2,1,2,4,5,1,1,,,,,,,,,,,,,,,,,2,3,1,2,1,1,1,1,1,1,1,1,2,3,1,3,3,2,3,3,3,3,2,3,6,2,4,5,5,3,7,7,2,5,5,4,4,4,1,2,1,1,1,4,1
594,1/1/1980 0:00,8,de,1646134651,1,20,1,1,1,0,0,,4,4,5,2,4,5,5,5,3,1,1,5,5,1,1,,,,,,,,,,,,,,,,,5,6,2,7,1,2,1,1,5,7,6,1,3,4,2,5,5,3,5,3,5,3,2,4,2,3,4,4,5,2,7,7,4,1,7,4,5,6,7,1,5,2,7,7,7
595,1/1/1980 0:00,8,de,916291689,2,23,2,2,0,0,1,,,,,,,,,,,,,,,,,"Zielstrebig
Emanzipiert
Weitestgehend zufrieden",2,4,3,5,4,4,4,5,5,2,3,4,5,1,1,1,3,1,4,1,2,1,1,5,3,2,2,2,1,1,2,2,1,3,2,3,1,2,2,1,2,2,2,4,2,5,4,2,1,2,6,5,6,1,3,2,1,1,5,2
596,1/1/1980 0:00,8,de,156134281,2,26,1,3,1,0,1,,,,,,,,,,,,,,,,,,1,1,1,1,5,5,5,5,1,1,1,5,5,1,1,1,1,1,1,1,1,1,1,3,1,1,1,3,1,1,1,1,1,1,1,1,1,1,2,3,1,1,3,2,2,1,3,1,2,1,2,1,1,2,7,1,1,1,1,1
597,1/1/1980 0:00,8,de,1404841907,2,28,1,3,1,0,1,,,,,,,,,,,,,,,,,,3,2,4,2,2,4,4,4,5,1,2,2,5,1,1,2,2,2,2,3,1,1,1,2,2,2,2,2,1,1,1,1,1,1,2,1,1,2,1,1,2,2,1,1,2,1,1,1,1,1,1,1,1,1,7,1,1,1,2,1
598,,2,de,1859955771,1,21,1,1,1,0,1,,,,,,,,,,,,,,,,,,,,,,,,,,,,,,,,,,,,,,,,,,,,,,,,,,,,,,,,,,,,,,,,,,,,,,,,,,,,,
599,1/1/1980 0:00,8,de,926492965,2,21,1,1,0,0,0,,,,,,,,,,,,,,,,,,1,5,3,2,5,5,5,3,3,1,1,3,5,1,2,1,1,1,4,1,1,3,1,3,3,3,2,3,3,3,3,3,3,3,3,3,3,3,4,3,3,3,3,3,3,3,3,3,3,3,3,3,3,3,3,3,3,3,3,3
600,1/1/1980 0:00,8,de,717307936,1,29,1,3,1,0,0,"freundlich, zielstrebig",2,4,3,4,4,4,4,4,4,2,2,4,5,1,1,,,,,,,,,,,,,,,,,3,1,3,5,1,2,1,1,5,2,1,4,5,1,1,2,3,3,3,3,2,2,3,3,2,3,1,2,2,2,7,7,3,6,7,4,4,4,5,1,2,1,2,5,3
601,1/1/1980 0:00,8,de,1759093226,1,23,1,1,1,0,1,"Perfektionistisch
Kritisch 
Ehrgeizig 
Strukturiert 
",5,5,4,3,1,5,3,1,5,4,2,1,5,5,3,,,,,,,,,,,,,,,,,4,1,3,4,1,1,1,1,5,2,4,1,4,2,2,4,4,4,4,2,4,3,5,1,5,5,4,1,1,2,1,1,1,1,2,1,1,2,1,7,1,1,1,2,1
602,1/1/1980 0:00,8,de,1919874030,1,20,1,1,0,0,0,,4,4,3,2,4,5,5,5,3,2,4,3,5,2,2,,,,,,,,,,,,,,,,,1,3,4,5,1,2,2,1,3,3,2,1,2,1,1,4,3,4,3,3,2,2,2,3,3,5,2,3,7,3,7,7,7,5,7,7,7,7,7,1,1,1,2,7,1
603,1/1/1980 0:00,8,de,688935798,1,24,1,3,0,0,1,"karriereorientiert, Powerfrau, Stadtmensch, immer up-to-date",4,5,5,5,2,5,4,2,5,5,4,2,5,3,2,,,,,,,,,,,,,,,,,1,2,1,6,1,1,1,1,6,2,1,1,4,2,2,2,4,2,2,2,2,2,3,1,1,2,2,1,3,1,1,1,1,1,1,1,1,1,1,7,1,1,1,2,1
604,,3,de,611630531,2,45,1,3,1,0,0,,,,,,,,,,,,,,,,,,,,,,,,,,,,,,,,,,,,,,,,,,,,,,,,,,,,,,,,,,,,,,,,,,,,,,,,,,,,,
605,1/1/1980 0:00,8,de,886312059,1,22,1,1,0,0,1,,1,5,2,3,5,4,4,3,4,4,2,3,4,3,3,,,,,,,,,,,,,,,,,1,4,5,5,1,3,4,1,5,3,4,3,5,3,3,5,3,5,4,3,3,4,2,3,4,1,1,3,1,1,5,6,1,1,7,7,1,1,1,4,1,1,1,4,4
606,1/1/1980 0:00,8,de,994199984,2,19,1,1,0,0,0,,,,,,,,,,,,,,,,,,1,5,4,4,4,5,5,5,5,3,3,3,5,3,2,2,4,2,5,1,2,2,1,6,6,3,1,4,3,3,2,4,2,4,4,4,3,1,2,2,2,1,2,6,2,5,3,1,1,5,1,1,1,1,5,1,1,1,5,1
607,1/1/1980 0:00,8,de,1219684277,1,28,1,1,1,0,0,,4,5,5,3,2,4,5,2,5,3,4,2,2,3,3,,,,,,,,,,,,,,,,,1,3,5,6,5,5,4,1,6,5,4,1,2,1,1,4,3,3,4,5,3,3,4,4,6,4,2,2,6,3,1,1,1,1,1,1,1,1,1,7,1,1,1,1,1
608,1/1/1980 0:00,8,de,1868805886,2,21,2,1,0,0,0,,,,,,,,,,,,,,,,,"zielstrebig, ehrgeizig, perfektionistisch, ordnungsliebend, ",3,4,4,2,3,5,4,4,4,3,2,3,5,2,1,1,2,3,4,1,1,2,1,3,3,2,1,1,1,1,2,1,3,1,1,1,1,1,1,1,1,5,1,1,1,2,2,1,1,2,1,1,1,1,7,1,1,1,2,1
609,1/1/1980 0:00,8,de,563505007,2,20,1,1,0,0,0,,,,,,,,,,,,,,,,,"Gewissenhaft, pünktlich, gut organisiert, zukunftsorientiert, freundlich",1,4,2,2,4,4,4,5,3,2,2,4,5,1,1,2,1,3,7,1,1,1,1,4,3,4,1,2,1,1,3,4,4,4,5,1,3,3,4,5,1,1,3,3,1,7,7,3,6,7,1,1,2,2,3,1,3,5,7,7
610,1/1/1980 0:00,8,de,1808861890,2,43,1,1,1,0,1,,,,,,,,,,,,,,,,,"Ehrgeizig, zielstrebig, pragmatisch",2,4,3,3,4,5,5,4,4,3,2,4,5,2,3,2,2,2,3,2,3,3,1,3,2,2,1,3,2,2,2,3,2,3,2,2,3,2,2,2,2,2,3,2,2,2,4,2,3,3,2,2,3,2,6,2,2,2,3,2
611,1/1/1980 0:00,8,de,626207976,1,24,1,3,1,1,1,,2,4,3,3,4,4,4,4,4,2,3,2,3,3,1,,,,,,,,,,,,,,,,,5,3,5,5,3,2,2,1,5,5,5,2,4,4,4,5,4,4,4,4,3,4,2,3,5,4,2,3,1,5,5,5,7,5,5,7,7,7,1,1,3,1,1,4,1
612,1/1/1980 0:00,8,de,1047258484,2,65,1,1,1,0,0,,,,,,,,,,,,,,,,,"Karrierefrau, selbstbewusst",1,1,2,3,1,1,2,3,2,3,4,2,1,5,5,1,1,2,4,1,1,1,1,1,1,1,1,1,1,1,1,1,1,1,1,1,1,3,4,4,2,2,3,2,3,1,1,1,1,1,1,1,1,1,7,1,1,1,1,1
613,,2,de,184821663,1,22,1,1,1,0,0,,,,,,,,,,,,,,,,,,,,,,,,,,,,,,,,,,,,,,,,,,,,,,,,,,,,,,,,,,,,,,,,,,,,,,,,,,,,,
614,1/1/1980 0:00,8,de,1264411715,2,31,1,3,0,0,1,,,,,,,,,,,,,,,,,,1,4,2,2,4,5,5,4,3,1,2,4,5,1,1,2,3,1,5,2,1,1,1,6,1,1,1,1,1,1,3,4,2,4,2,2,1,3,3,3,2,1,3,5,3,4,3,1,4,4,1,1,1,1,7,1,1,1,3,1
615,1/1/1980 0:00,8,de,1345541949,1,23,2,1,0,0,0,,3,4,3,3,4,4,4,4,4,3,3,3,4,2,2,,,,,,,,,,,,,,,,,1,1,2,1,1,3,2,1,2,2,2,1,3,5,5,4,4,4,4,4,4,4,4,2,3,3,5,6,5,6,4,4,2,3,4,3,5,5,1,5,2,5,2,5,5
616,1/1/1980 0:00,8,de,627740171,1,30,1,3,0,0,1,,5,5,2,4,2,4,4,4,5,2,5,1,4,2,2,,,,,,,,,,,,,,,,,2,1,3,5,1,1,1,1,1,1,1,1,1,1,1,1,1,1,2,1,1,1,1,1,3,1,1,1,4,1,7,2,5,3,4,6,5,5,1,1,5,1,1,4,1
617,1/1/1980 0:00,8,de,1079825614,2,20,1,1,0,0,1,,,,,,,,,,,,,,,,,"ordentlich, zuversichtlich, verlässlich, streng, ein bisschen eingebildet vielleicht",3,5,4,3,3,4,4,3,5,4,4,2,4,3,3,1,1,2,4,2,2,2,1,5,4,3,3,4,3,3,4,4,4,4,3,3,3,4,3,2,2,2,4,5,4,4,3,1,3,3,2,1,1,2,6,1,2,2,4,2
618,,7,de,1765526256,2,18,2,1,1,0,1,,,,,,,,,,,,,,,,,tüchtig,5,3,3,1,1,2,1,2,3,4,4,1,1,4,5,1,2,2,4,1,2,2,2,5,2,4,1,4,3,2,3,4,3,3,2,3,4,5,3,5,6,5,3,7,5,,,,,,,,,,,,,,,
619,1/1/1980 0:00,8,de,782810993,2,23,1,3,0,0,0,,,,,,,,,,,,,,,,,"gepflegt, erfolgreich, beliebt, sportlich",1,5,3,1,5,5,5,3,3,1,1,5,5,1,3,7,7,2,1,1,1,2,1,1,1,1,3,5,1,1,1,5,1,1,2,2,2,6,2,2,4,7,1,5,3,7,7,4,3,4,7,5,5,3,1,1,1,5,4,7
620,1/1/1980 0:00,8,de,680765348,1,21,1,1,0,0,0,"Unselbstbewusst, Ambitioniert",5,1,3,1,1,5,5,5,5,4,4,2,5,1,1,,,,,,,,,,,,,,,,,1,3,3,2,1,1,1,1,7,1,1,1,5,4,4,5,5,1,5,5,5,5,4,6,7,1,4,7,2,7,6,5,2,3,7,3,1,1,1,7,4,1,1,5,1
621,1/1/1980 0:00,8,de,1130203498,2,21,1,1,0,0,0,,,,,,,,,,,,,,,,,"Karriereorientiert, selbstbewusst, kontaktfreudig, sportlich",1,3,1,1,5,5,5,5,1,1,1,4,5,1,1,1,1,1,4,1,1,1,1,2,1,1,1,4,2,1,2,3,2,2,1,3,4,6,2,5,1,2,2,5,2,7,7,7,4,7,7,7,7,1,1,2,1,1,7,1
622,1/1/1980 0:00,8,de,2141270041,1,29,1,3,0,0,0,"freundlich, durchsetzungsfähig, ehrgeizig, korrekt, verantwortungsbewusst, oberflächlich",3,4,3,2,3,5,4,4,4,2,3,3,5,2,1,,,,,,,,,,,,,,,,,2,2,3,4,1,1,2,1,4,2,3,2,3,1,3,4,2,4,4,4,4,3,5,2,2,1,2,3,2,3,5,5,4,4,4,5,5,5,2,4,4,3,2,5,2
623,1/1/1980 0:00,8,de,348462097,2,20,1,1,0,0,1,,,,,,,,,,,,,,,,,"Zielstrebig, ordentlich",2,2,2,1,4,5,5,4,3,1,2,4,5,1,1,1,1,1,1,1,1,1,1,3,2,1,1,4,1,1,4,3,1,1,1,2,3,1,1,5,1,3,6,4,2,5,5,1,5,7,1,1,1,1,7,1,1,1,5,1
624,1/1/1980 0:00,8,de,1411220224,1,20,1,1,1,0,0,,4,5,5,4,3,4,5,3,5,5,5,2,5,4,3,,,,,,,,,,,,,,,,,2,3,5,4,1,1,4,1,4,6,5,2,5,5,5,5,5,5,5,5,5,5,3,5,5,3,3,5,4,5,5,5,2,4,5,2,2,2,3,6,2,4,4,4,4
625,,3,de,505067963,2,22,1,1,0,0,0,,,,,,,,,,,,,,,,,,,,,,,,,,,,,,,,,,,,,,,,,,,,,,,,,,,,,,,,,,,,,,,,,,,,,,,,,,,,,
626,1/1/1980 0:00,8,de,800295492,1,21,1,1,1,0,1,"freundlich, gut organisiert, charismatisch, oberflächlich, dominant, braucht viel Bestätigung ",3,5,5,4,4,5,5,3,4,3,3,4,4,3,2,,,,,,,,,,,,,,,,,3,1,4,6,1,1,2,1,4,5,2,1,3,2,1,1,1,1,1,1,1,1,3,1,2,1,4,2,6,1,6,2,2,4,5,1,4,7,1,4,1,1,1,4,2
627,,1,de,1524160680,2,,,,,,,,,,,,,,,,,,,,,,,,,,,,,,,,,,,,,,,,,,,,,,,,,,,,,,,,,,,,,,,,,,,,,,,,,,,,,,,,,,,
628,1/1/1980 0:00,8,de,631551792,2,37,1,1,1,0,0,,,,,,,,,,,,,,,,,,1,4,4,4,4,4,4,4,3,1,2,3,4,1,2,2,2,2,2,2,2,2,2,2,2,2,1,2,2,1,1,2,2,1,1,1,1,3,2,2,2,2,1,3,2,5,5,2,2,3,1,2,1,1,6,2,1,1,3,1
629,1/1/1980 0:00,8,de,2013327045,2,24,1,3,1,0,1,,,,,,,,,,,,,,,,,"Gesellig, Zielstrebig, Streng, Eitel ",1,5,5,3,5,5,5,5,5,4,1,5,5,4,3,1,1,2,1,1,1,2,1,1,1,1,1,1,1,2,2,1,1,1,1,1,1,1,3,3,1,1,6,1,3,4,4,1,4,6,4,1,1,1,6,1,1,1,6,3
630,1/1/1980 0:00,8,de,1607949099,1,22,1,1,1,1,1,,3,4,3,2,4,5,5,3,4,3,3,3,5,3,2,,,,,,,,,,,,,,,,,5,2,5,3,1,1,3,1,3,3,4,4,5,4,4,5,5,5,4,4,4,5,5,2,2,2,5,2,1,3,7,7,7,6,6,7,7,7,4,1,1,2,3,7,7
631,1/1/1980 0:00,8,de,1485111290,2,50,1,3,1,0,0,,,,,,,,,,,,,,,,,Ihre Augen wirken traurig.,3,3,2,2,4,4,4,4,3,2,2,3,5,2,1,1,2,2,3,1,1,2,1,2,1,1,1,1,1,1,1,2,1,3,1,1,1,3,3,3,3,3,4,4,3,1,1,1,1,1,1,1,2,1,7,1,1,1,1,1
632,1/1/1980 0:00,8,de,676703401,1,28,1,3,0,0,1,"Zielstrebig, weiß was sie will, selbstbewusst ",5,4,3,3,5,5,5,5,3,2,3,5,5,2,1,,,,,,,,,,,,,,,,,1,3,1,3,2,1,1,1,5,2,2,2,5,3,4,4,5,4,4,4,5,5,6,5,3,6,5,4,1,3,7,7,5,5,7,7,7,7,4,1,7,6,5,7,7
633,1/1/1980 0:00,8,de,309758081,1,21,1,1,0,0,0,"- Selbstständig
- aufs Äußere achtend (bei sich)",3,2,1,2,4,5,5,5,2,1,3,3,5,1,1,,,,,,,,,,,,,,,,,2,4,4,3,1,1,2,1,3,2,1,1,4,1,1,4,4,3,4,3,4,2,4,2,2,2,4,3,2,2,6,6,3,4,5,6,4,5,2,5,1,3,1,6,4
634,,1,de,1006868338,2,,,,,,,,,,,,,,,,,,,,,,,,,,,,,,,,,,,,,,,,,,,,,,,,,,,,,,,,,,,,,,,,,,,,,,,,,,,,,,,,,,,
635,1/1/1980 0:00,8,de,1098447756,2,33,1,3,0,0,1,,,,,,,,,,,,,,,,,,3,2,1,1,4,4,4,3,3,1,1,3,3,1,1,1,1,1,1,1,1,1,1,2,2,1,1,3,1,2,2,2,1,2,1,2,1,5,3,2,4,2,2,4,1,5,3,3,5,5,3,4,5,1,4,1,1,1,5,4
636,1/1/1980 0:00,8,de,273338843,2,19,1,1,0,0,0,,,,,,,,,,,,,,,,,,2,3,2,3,4,4,4,4,2,2,2,4,3,2,2,3,4,5,4,3,2,3,2,4,4,3,2,3,2,1,3,2,3,3,2,2,3,2,2,1,2,3,2,2,3,2,3,1,2,1,1,1,1,1,7,1,1,1,1,1
637,1/1/1980 0:00,8,de,951115853,2,22,1,1,1,0,0,,,,,,,,,,,,,,,,,"freundlich, ambitioniert, gebildet, gepflegt, extrovertiert, eitel",1,4,3,3,5,5,4,3,4,4,2,4,4,2,2,6,1,3,1,1,2,2,1,1,1,1,1,3,1,1,1,2,1,1,2,2,2,4,3,3,2,2,1,1,2,4,2,1,2,2,1,1,1,1,7,1,1,1,2,1
638,1/1/1980 0:00,8,de,1955395578,2,42,1,3,1,0,1,,,,,,,,,,,,,,,,,"ehrgeizig, zielorientiert, freundlich, hilfsbereit",2,1,3,3,4,5,3,3,3,1,1,4,5,1,1,1,1,1,1,1,1,1,1,1,1,1,1,1,1,1,1,1,1,1,1,1,1,2,1,2,1,1,3,2,1,4,3,1,2,4,1,1,1,1,6,1,1,1,1,1
639,1/1/1980 0:00,8,de,327281613,1,23,1,3,0,0,1,"zielstrebig, empathisch, direkt, freundlich, sportlich",2,5,2,4,5,5,5,4,3,1,2,4,5,2,2,,,,,,,,,,,,,,,,,1,2,3,2,1,1,2,1,5,3,1,2,5,2,3,3,4,2,2,4,3,3,3,1,3,3,2,2,2,2,3,5,1,5,6,2,1,1,1,6,2,2,1,5,2
640,1/1/1980 0:00,8,de,1819534912,1,22,1,1,1,0,0,"Ehrgeizig, oberflächlich, emotional nicht sehr stabil, entschlossen, fleißig, ",5,5,3,2,3,5,5,4,5,3,5,2,5,3,2,,,,,,,,,,,,,,,,,2,2,1,3,1,1,1,1,4,3,1,2,4,3,2,5,2,3,5,3,2,4,2,3,1,3,3,1,1,3,3,4,4,1,4,3,4,4,1,2,1,1,1,3,5
641,1/1/1980 0:00,8,de,1374548794,1,18,1,1,0,0,1,,3,5,4,4,3,3,5,4,3,2,2,3,5,3,3,,,,,,,,,,,,,,,,,4,7,1,7,7,5,1,4,5,7,6,5,4,4,5,5,4,5,5,4,4,5,6,4,6,3,4,5,3,4,4,3,6,4,5,7,7,6,4,1,5,1,4,7,5
642,1/1/1980 0:00,8,de,1801705020,2,60,1,1,0,0,0,,,,,,,,,,,,,,,,,"Zielstrebig, erfolgreich, ehrgeizig, diszipliniert.",1,3,3,3,5,5,5,3,3,2,2,5,5,2,2,1,1,3,5,1,1,4,1,3,5,5,1,5,1,1,3,2,2,3,3,1,3,1,1,1,1,1,1,1,1,1,1,1,1,1,1,1,1,1,7,1,1,1,1,1
643,1/1/1980 0:00,8,de,92300752,1,34,1,1,1,0,1,,4,5,4,3,5,5,5,5,5,3,4,5,4,3,2,,,,,,,,,,,,,,,,,1,3,4,3,1,1,4,1,3,3,1,1,3,1,1,2,1,2,1,1,1,1,2,3,3,2,2,4,2,4,5,7,4,6,7,1,1,1,1,7,2,1,1,4,4
644,1/1/1980 0:00,8,de,1145538387,2,40,1,1,0,0,0,,,,,,,,,,,,,,,,,,1,2,3,2,1,2,2,2,4,5,5,1,1,2,3,1,1,1,1,1,1,1,1,3,1,1,1,1,1,1,2,2,2,2,1,2,1,2,2,2,2,2,2,3,2,1,1,1,2,2,1,1,1,1,7,1,1,1,1,1
645,1/1/1980 0:00,8,de,439240715,2,21,1,1,1,0,1,,,,,,,,,,,,,,,,,"ordnungliebend 
Ehrgeizig",2,5,3,2,5,5,3,3,4,1,4,3,5,1,1,1,2,1,5,1,1,1,1,5,1,1,1,4,1,1,4,4,4,3,1,2,3,1,5,3,1,5,5,2,3,7,4,1,2,4,1,2,1,1,6,1,1,1,5,1
646,1/1/1980 0:00,8,de,1032953008,2,20,1,1,0,0,1,,,,,,,,,,,,,,,,,,2,3,2,2,3,5,5,5,2,3,3,3,5,1,2,1,1,2,1,1,1,1,1,1,1,1,1,3,1,1,3,2,2,1,2,2,1,1,3,3,3,3,1,4,2,7,5,5,3,7,3,3,3,1,2,1,1,1,6,1
647,1/1/1980 0:00,8,de,2050596144,2,29,2,3,1,0,0,,,,,,,,,,,,,,,,,"Nicht besonders reflektiert
Spricht Probleme in der Partnerschaft selten an
Hat gesellschaftliche Schönheitsideale verinnerlich und erwartet diese auch von anderen
akzeptiert keine alternativen Lebensstile z.B. Menschen, die nicht so viel Wert auf ihr Äußeres legen",3,5,2,3,4,4,2,3,5,3,5,3,4,2,3,1,1,1,3,1,1,1,1,1,1,1,1,1,2,1,2,1,1,1,1,1,1,1,2,2,1,1,4,1,4,4,4,1,1,4,1,1,1,1,7,1,1,1,4,1
648,,3,de,1104031558,2,35,1,1,1,0,1,,,,,,,,,,,,,,,,,,,,,,,,,,,,,,,,,,,,,,,,,,,,,,,,,,,,,,,,,,,,,,,,,,,,,,,,,,,,,
649,1/1/1980 0:00,8,de,1635390886,2,47,1,1,1,0,1,,,,,,,,,,,,,,,,,"Erfolgreich ,strukturiert ",4,4,4,3,4,5,5,5,5,4,3,4,5,3,3,2,2,4,4,3,2,4,1,5,5,3,2,3,1,1,2,2,2,2,2,3,2,2,2,4,2,2,5,2,3,2,2,2,2,3,3,3,3,2,4,2,2,1,2,4
650,1/1/1980 0:00,8,de,1907873315,1,27,2,3,0,0,0,"Zielsicher, energetisch, leistungsorientiert",2,4,2,4,4,5,5,5,3,1,2,3,5,1,1,,,,,,,,,,,,,,,,,2,3,1,2,1,1,1,1,1,1,2,1,2,2,2,3,1,3,2,1,1,2,2,3,2,1,2,3,1,3,6,6,3,4,6,2,2,1,1,4,1,2,1,6,6
651,1/1/1980 0:00,8,de,171680390,2,60,1,1,0,0,0,,,,,,,,,,,,,,,,,bewußtes Planen der Lebensumstände,2,2,3,3,2,4,4,4,3,1,2,3,5,2,2,2,1,2,1,2,2,2,1,2,2,1,2,3,2,2,1,2,2,2,2,2,2,1,1,1,1,1,2,2,1,4,3,1,2,2,3,2,2,1,5,2,2,1,3,2
652,1/1/1980 0:00,8,de,833667960,1,22,1,1,1,0,1,"- ehrgeizig 
- erfolgreich 
- selbstbewusst 
",1,5,3,3,4,4,4,3,1,3,3,3,4,3,1,,,,,,,,,,,,,,,,,1,1,3,4,2,3,3,2,5,3,4,1,3,1,1,1,3,2,3,1,1,1,2,3,4,5,5,7,4,6,5,4,2,3,4,5,5,7,1,1,1,6,1,2,2
653,1/1/1980 0:00,8,de,502984836,2,19,1,1,0,0,0,,,,,,,,,,,,,,,,,"organisiert, aktiv, erfolgreich",2,2,2,2,3,4,4,4,2,1,2,3,4,2,1,1,2,2,2,1,2,1,1,2,2,2,2,3,3,3,4,4,3,3,2,3,4,1,5,5,1,2,6,4,3,5,4,2,2,4,2,2,2,1,3,2,2,1,6,5
654,1/1/1980 0:00,8,de,1730096925,2,21,2,1,0,0,0,,,,,,,,,,,,,,,,,,3,5,4,4,3,5,3,1,5,5,4,2,4,4,3,1,1,3,5,1,1,2,1,5,4,1,1,1,3,4,5,4,4,4,4,3,4,6,4,5,3,5,5,2,3,7,6,5,5,6,6,7,6,2,2,1,1,2,5,5
655,,3,de,207130343,2,20,2,1,0,0,1,,,,,,,,,,,,,,,,,,,,,,,,,,,,,,,,,,,,,,,,,,,,,,,,,,,,,,,,,,,,,,,,,,,,,,,,,,,,,
656,1/1/1980 0:00,8,de,1095470204,2,32,1,3,0,0,1,,,,,,,,,,,,,,,,,,2,1,2,2,2,4,3,3,1,1,1,4,2,1,1,1,1,2,1,1,1,1,1,1,1,1,1,1,1,1,1,1,1,1,1,1,1,3,1,1,2,2,1,1,2,6,5,6,6,6,3,1,6,1,2,4,5,1,2,1
657,1/1/1980 0:00,8,de,600946313,1,28,1,3,0,0,0,,3,5,3,3,4,5,5,3,5,3,3,3,4,5,3,,,,,,,,,,,,,,,,,1,1,1,4,1,1,1,1,2,5,5,1,1,1,1,3,1,3,1,1,1,3,1,2,2,3,2,1,2,2,1,1,1,2,2,1,1,1,1,7,1,2,1,3,1
658,,2,de,688185192,1,36,1,3,1,0,1,,,,,,,,,,,,,,,,,,,,,,,,,,,,,,,,,,,,,,,,,,,,,,,,,,,,,,,,,,,,,,,,,,,,,,,,,,,,,
659,1/1/1980 0:00,8,de,959561392,2,21,1,1,0,0,1,,,,,,,,,,,,,,,,,"ehrgeizig
gepflegt
emotional stabil",1,4,3,2,4,5,4,4,3,3,2,4,5,2,2,1,2,1,4,1,1,1,1,2,1,1,1,3,2,2,3,4,3,4,4,4,4,1,4,2,4,3,5,6,4,5,4,1,3,6,2,1,2,1,6,1,1,1,3,2
660,1/1/1980 0:00,8,de,2050558638,2,23,2,1,0,0,1,,,,,,,,,,,,,,,,,"ehrgeizig, fleißig, zielstrebig, sorgfältig",1,3,3,3,4,5,5,5,3,1,2,4,5,1,1,3,4,3,3,3,2,1,1,6,4,3,1,2,1,1,3,3,2,4,2,2,3,1,1,1,1,1,4,2,2,3,4,1,3,4,1,1,1,1,5,1,2,1,3,3
661,1/1/1980 0:00,8,de,2038390612,1,22,1,1,0,0,0,"freundlich, hilfsbereit, zielstrebig, eitel ",2,4,3,4,5,5,5,5,3,1,2,5,5,3,1,,,,,,,,,,,,,,,,,1,2,1,2,1,1,1,1,3,2,1,1,2,1,1,2,2,2,1,1,1,2,4,5,5,5,5,6,4,6,5,5,3,4,6,5,7,5,2,5,1,2,1,4,5
662,1/1/1980 0:00,8,de,206927833,1,23,1,3,1,0,1,,3,4,1,2,3,5,5,5,3,1,3,3,4,1,1,,,,,,,,,,,,,,,,,1,1,1,1,1,1,1,1,1,1,1,1,4,4,3,5,5,4,5,5,5,4,3,3,1,4,3,3,4,4,7,7,6,4,6,7,5,5,1,2,1,1,1,7,1
663,1/1/1980 0:00,8,de,964269149,2,35,1,3,1,0,1,,,,,,,,,,,,,,,,,,1,5,4,3,5,5,5,5,4,1,1,5,5,1,1,1,2,2,4,2,4,1,1,4,4,4,4,4,1,1,2,1,1,1,1,1,1,1,1,2,2,2,2,3,2,7,7,4,7,7,3,3,3,1,2,3,2,1,7,7
664,1/1/1980 0:00,8,de,1881261208,2,20,1,1,1,0,0,,,,,,,,,,,,,,,,,,2,4,4,3,3,5,4,3,4,2,3,3,5,2,2,3,3,3,6,1,1,1,1,5,4,4,3,3,4,5,5,5,5,5,4,5,5,4,2,2,1,2,3,3,3,7,7,3,7,7,5,5,7,1,2,1,2,1,7,5
665,,3,de,388012027,2,21,1,1,0,0,1,,,,,,,,,,,,,,,,,,,,,,,,,,,,,,,,,,,,,,,,,,,,,,,,,,,,,,,,,,,,,,,,,,,,,,,,,,,,,
666,1/1/1980 0:00,8,de,16098555,2,30,1,3,1,0,0,,,,,,,,,,,,,,,,,"Perfektionistisch, zielstrebig, tüchtig, weiblich",1,5,4,4,3,4,4,5,5,2,3,4,5,2,1,2,2,1,5,1,1,1,1,4,2,2,1,5,1,1,4,4,2,4,4,4,2,4,4,5,1,3,6,2,4,2,3,1,1,3,1,1,1,1,7,1,1,1,5,1
667,1/1/1980 0:00,8,de,312355860,1,27,2,3,1,0,1,,1,1,1,1,4,5,5,5,3,1,2,4,5,1,1,,,,,,,,,,,,,,,,,2,2,4,5,1,1,5,1,3,2,2,2,3,5,5,5,5,5,5,5,5,5,1,3,4,1,3,6,4,3,6,5,5,1,4,6,7,7,1,4,7,1,1,7,1
668,1/1/1980 0:00,8,de,526454066,1,20,1,1,1,0,0,,5,4,1,1,3,5,5,3,4,2,4,1,5,2,1,,,,,,,,,,,,,,,,,2,3,3,4,1,2,3,1,2,1,3,1,2,1,1,4,2,1,3,2,1,3,3,3,5,2,5,3,5,2,1,1,1,1,1,1,1,2,1,1,1,1,1,1,1
669,1/1/1980 0:00,8,de,833269801,2,23,1,1,0,0,0,,,,,,,,,,,,,,,,,,1,3,5,3,5,5,5,4,3,2,1,5,5,1,2,1,1,1,7,1,1,1,1,5,5,6,1,1,1,1,1,1,1,1,1,1,1,1,1,4,1,1,1,3,2,1,1,1,1,1,1,1,1,1,7,1,1,1,1,1
670,1/1/1980 0:00,8,de,794401541,2,21,1,1,1,0,0,,,,,,,,,,,,,,,,,"fleißig, ehrgeizig",2,4,3,2,5,5,5,5,3,2,2,5,5,1,1,1,2,2,4,1,1,1,1,2,1,1,1,2,1,2,1,1,1,1,2,1,1,2,1,1,1,2,1,1,1,5,5,2,5,5,1,1,2,1,6,1,1,1,2,1
671,,1,de,441832432,2,,,,,,,,,,,,,,,,,,,,,,,,,,,,,,,,,,,,,,,,,,,,,,,,,,,,,,,,,,,,,,,,,,,,,,,,,,,,,,,,,,,
672,1/1/1980 0:00,8,de,1671436694,2,25,1,3,0,0,0,,,,,,,,,,,,,,,,,"Zielstrebig 
",2,2,2,2,4,4,4,4,4,2,2,4,5,2,2,2,1,3,1,2,1,3,1,1,4,1,1,5,4,4,3,5,4,2,4,5,3,5,4,5,4,4,4,6,4,4,4,3,3,3,2,3,5,1,4,2,1,1,3,2
673,1/1/1980 0:00,8,de,1875250555,1,42,0,3,1,0,1,"Selbstbewusst, Erfolgsorientiert, selbstliebend, weißt was sie will, organisiert. ",1,4,3,3,5,4,4,3,2,1,1,5,4,2,1,,,,,,,,,,,,,,,,,1,1,2,2,1,2,1,1,1,2,1,2,3,1,1,1,1,1,1,2,2,1,2,7,5,2,4,7,4,3,6,5,5,4,4,5,5,5,2,1,5,1,2,5,5
674,,1,de,1971258049,1,,,,,,,,,,,,,,,,,,,,,,,,,,,,,,,,,,,,,,,,,,,,,,,,,,,,,,,,,,,,,,,,,,,,,,,,,,,,,,,,,,,
675,1/1/1980 0:00,8,de,886205452,2,36,1,3,1,0,0,,,,,,,,,,,,,,,,,,1,3,4,2,5,5,4,4,3,1,2,4,5,2,3,1,2,2,4,1,1,1,1,5,2,2,1,3,1,1,2,3,1,2,1,1,1,3,3,5,1,2,6,5,2,5,4,1,6,5,1,2,1,1,7,1,1,1,5,1
676,1/1/1980 0:00,8,de,1433389270,1,22,1,1,0,0,1,"fleißig, motiviert, organisiert, tatkräftig, unsicher in Bezug auf ihren eigenen Körper",1,3,2,3,4,5,5,4,2,2,4,3,5,3,1,,,,,,,,,,,,,,,,,2,2,3,5,1,2,2,1,6,4,2,2,2,1,2,2,3,3,2,2,2,2,2,1,3,2,4,3,2,3,5,4,1,1,2,1,1,1,1,6,2,1,1,3,2
677,1/1/1980 0:00,8,de,1718813093,2,22,2,1,0,0,0,,,,,,,,,,,,,,,,,,3,5,4,3,3,5,5,3,4,3,4,3,5,3,2,4,4,4,5,4,2,2,2,2,1,2,1,2,2,2,4,4,3,4,3,4,3,3,6,7,7,6,7,6,6,3,1,2,2,2,1,1,2,1,6,1,1,1,1,1
678,1/1/1980 0:00,8,de,1326017012,1,23,1,1,1,0,1,"zielstrebig
verunsichert
",4,4,3,2,3,5,4,3,3,2,3,2,5,3,1,,,,,,,,,,,,,,,,,5,2,3,4,1,2,3,1,2,2,1,1,1,2,1,1,3,3,2,2,2,2,1,5,5,2,2,6,1,4,3,3,1,2,3,1,1,2,1,7,1,1,1,2,1
679,1/1/1980 0:00,8,de,1788018707,2,22,1,1,1,0,0,,,,,,,,,,,,,,,,,,2,5,3,3,4,4,4,4,3,2,2,4,4,2,3,3,4,3,4,1,1,2,1,5,3,3,1,3,2,2,3,3,3,3,4,3,4,2,3,3,2,3,4,3,3,6,6,5,3,5,5,3,7,1,1,1,1,2,7,2
680,1/1/1980 0:00,8,de,1627439382,1,29,2,3,1,0,1,,3,5,1,3,4,4,4,3,3,1,4,3,4,1,1,,,,,,,,,,,,,,,,,1,1,1,4,1,1,1,1,1,1,1,1,1,3,3,1,1,1,1,1,1,1,2,1,1,1,1,1,4,1,4,4,4,1,2,5,4,1,1,4,5,1,1,2,1
681,1/1/1980 0:00,8,de,1627054423,2,59,1,3,1,0,1,,,,,,,,,,,,,,,,,,1,5,4,4,5,5,5,4,4,2,1,5,5,1,2,1,2,1,6,2,1,1,1,2,1,1,1,4,1,1,2,4,2,4,3,3,3,1,6,2,2,1,3,2,3,5,3,2,4,5,1,1,2,2,6,1,2,2,4,2
682,1/1/1980 0:00,8,de,904442775,2,31,2,3,1,0,1,,,,,,,,,,,,,,,,,"Ambitioniert, ehrgeizig, fröhlich, liebevoll",1,2,1,4,5,5,5,4,3,1,2,4,5,2,1,2,5,2,7,3,2,2,2,5,5,4,2,2,2,3,4,5,4,3,4,4,4,4,3,5,3,2,4,2,2,6,5,2,5,6,7,2,5,1,2,2,1,1,4,5
683,1/1/1980 0:00,8,de,575639591,1,22,1,1,0,0,1,,4,4,3,4,3,4,4,2,5,4,5,2,5,3,1,,,,,,,,,,,,,,,,,4,7,5,7,1,1,1,1,3,2,2,4,4,5,4,5,5,5,5,5,5,5,2,6,6,1,1,6,2,4,1,2,1,1,5,7,2,4,2,6,1,4,1,7,7
684,1/1/1980 0:00,8,de,816512019,2,37,1,3,1,0,1,,,,,,,,,,,,,,,,,Ehrgeiz Oberflächlichkeit ,4,5,5,5,3,4,4,1,5,4,3,3,4,4,4,1,1,1,1,1,4,3,1,1,1,1,1,1,1,1,1,1,1,1,1,1,1,2,1,1,1,3,1,1,1,1,1,1,1,1,1,1,1,1,1,1,1,1,1,1
685,1/1/1980 0:00,8,de,156763543,2,19,1,1,1,0,0,,,,,,,,,,,,,,,,,,5,3,2,5,1,1,1,1,5,4,5,4,1,5,3,2,1,1,2,1,1,1,1,1,1,1,1,3,4,5,5,5,5,5,2,2,3,6,2,2,1,3,2,3,4,7,7,7,7,7,7,7,7,2,1,1,1,2,7,1
686,1/1/1980 0:00,8,de,1769746246,1,19,1,1,1,0,0,"ehrgeizig, mutig, hat Durchsetzungsvermögen, charismatisch, freundlich",3,5,3,4,4,5,5,4,5,2,2,3,5,2,1,,,,,,,,,,,,,,,,,5,1,4,2,1,2,4,1,3,3,2,3,4,4,2,3,5,3,4,3,2,5,2,2,2,1,2,5,2,6,7,7,4,6,6,4,4,2,1,3,1,5,5,7,4
687,1/1/1980 0:00,8,de,1188885033,1,23,1,1,1,0,1,"Selbstbewusst, Stark, Unabhängig",2,4,3,3,5,4,4,4,3,3,3,4,5,2,3,,,,,,,,,,,,,,,,,3,3,5,4,2,2,4,1,3,3,2,1,3,1,3,4,4,2,3,2,4,3,5,4,3,2,2,1,3,3,6,5,4,3,5,1,5,5,2,2,1,1,1,4,1
688,,2,de,1896305957,1,18,1,1,0,0,0,,,,,,,,,,,,,,,,,,,,,,,,,,,,,,,,,,,,,,,,,,,,,,,,,,,,,,,,,,,,,,,,,,,,,,,,,,,,,
689,1/1/1980 0:00,8,de,487809921,1,32,2,3,1,0,0,Oberflächlich,4,5,4,5,2,4,3,2,5,4,4,2,5,4,2,,,,,,,,,,,,,,,,,2,4,2,7,1,1,1,1,7,4,3,1,4,1,2,4,4,4,4,4,4,4,5,3,4,2,2,2,1,2,2,2,2,3,3,3,2,3,1,6,1,1,1,4,2
690,1/1/1980 0:00,8,de,1169471121,1,22,1,1,0,0,0,,5,5,4,1,2,3,3,3,4,3,4,1,3,4,1,,,,,,,,,,,,,,,,,2,2,1,2,1,1,1,1,1,1,1,1,2,2,2,4,4,4,4,3,3,4,3,2,2,1,2,3,4,3,2,2,1,2,2,1,1,1,1,7,1,1,1,2,1
691,1/1/1980 0:00,8,de,116724449,1,37,1,3,1,0,1,,1,3,2,3,4,5,4,4,4,2,2,4,4,2,1,,,,,,,,,,,,,,,,,1,2,5,5,2,2,5,2,6,5,2,2,2,1,1,3,3,3,3,3,3,3,2,2,2,3,3,1,3,3,5,5,5,5,5,6,6,5,5,2,6,2,2,5,5
692,1/1/1980 0:00,8,de,1549763307,2,21,2,1,0,0,1,,,,,,,,,,,,,,,,,,1,3,3,3,5,5,5,5,3,3,3,3,3,3,3,1,1,1,1,1,1,1,1,1,1,1,1,1,1,2,2,2,3,1,1,1,2,4,6,6,6,7,7,3,7,7,7,2,1,5,3,7,7,1,2,1,1,1,4,1
693,1/1/1980 0:00,8,de,263516015,2,25,1,3,1,0,1,,,,,,,,,,,,,,,,,"Zielstrebig, ambitioniert, selbstbewusst, organisiert, eitel",1,5,3,3,5,5,5,5,2,5,1,1,1,5,5,2,4,2,2,1,1,2,1,1,2,2,1,5,3,5,5,5,4,4,5,5,2,2,1,1,1,1,1,1,2,6,2,1,2,4,1,1,1,1,7,1,1,1,1,1
694,,4,de,2064442716,2,43,2,3,1,0,1,,,,,,,,,,,,,,,,,"Motiviert
Zielstrebig
Eitel
Hübsch",1,5,3,3,4,5,5,4,3,2,4,5,5,2,2,,,,,,,,,,,,,,,,,,,,,,,,,,,,,,,,,,,,,,,,,,,,,
695,,1,de,369007188,1,,,,,,,,,,,,,,,,,,,,,,,,,,,,,,,,,,,,,,,,,,,,,,,,,,,,,,,,,,,,,,,,,,,,,,,,,,,,,,,,,,,
696,1/1/1980 0:00,8,de,2084373839,2,28,1,3,1,0,0,,,,,,,,,,,,,,,,,,2,2,2,3,4,5,5,4,3,3,3,4,4,3,3,2,2,1,3,1,1,1,1,4,2,1,1,1,1,1,2,2,2,2,2,2,2,2,3,2,1,2,2,2,2,6,6,2,4,5,1,1,1,2,6,1,1,2,5,1
697,1/1/1980 0:00,8,de,392573418,1,29,2,1,0,0,1,"Zielstrebig, oberflächlich, langweilig, strukturiert, selbstbewusst, egozentriert, ehrgeizig",4,5,5,4,4,5,4,3,5,4,4,2,5,4,3,,,,,,,,,,,,,,,,,2,3,2,4,1,2,2,1,2,2,2,1,4,3,2,5,4,4,3,4,4,4,6,3,3,7,3,1,6,3,4,3,2,2,3,2,1,4,1,4,1,1,1,2,2
698,,3,de,1405336619,2,23,1,1,0,0,0,,,,,,,,,,,,,,,,,,,,,,,,,,,,,,,,,,,,,,,,,,,,,,,,,,,,,,,,,,,,,,,,,,,,,,,,,,,,,
699,1/1/1980 0:00,8,de,887868091,2,23,1,3,1,0,1,,,,,,,,,,,,,,,,,Penibel ,1,3,1,4,5,5,5,5,4,2,1,4,5,2,1,1,3,1,6,1,1,1,1,3,1,1,1,3,1,1,4,4,4,2,3,3,4,1,1,2,1,1,3,3,3,7,6,3,5,5,2,2,2,1,1,5,1,1,4,1
700,,3,de,169949999,2,47,0,1,0,1,0,,,,,,,,,,,,,,,,,,,,,,,,,,,,,,,,,,,,,,,,,,,,,,,,,,,,,,,,,,,,,,,,,,,,,,,,,,,,,
701,1/1/1980 0:00,8,de,276233585,2,20,1,1,0,0,0,,,,,,,,,,,,,,,,,,1,3,1,1,5,5,5,3,2,1,1,5,5,1,1,2,1,1,2,1,1,1,1,1,2,1,1,3,4,2,2,5,2,5,5,5,5,4,6,6,4,6,7,4,7,1,3,1,3,3,1,1,1,1,7,1,1,1,3,1
702,1/1/1980 0:00,8,de,1086677566,1,25,1,3,1,0,0,,4,3,3,3,3,3,4,3,3,4,3,2,3,4,3,,,,,,,,,,,,,,,,,1,3,2,5,1,2,2,2,2,2,1,1,2,1,1,1,1,1,1,1,2,2,4,2,2,2,1,1,4,1,6,5,4,3,4,3,4,4,1,2,1,1,1,4,2
703,1/1/1980 0:00,8,de,1975416766,2,26,1,3,0,0,1,,,,,,,,,,,,,,,,,"diszipliniert, zielstrebig, durchsetzungsstark",2,4,3,2,4,5,5,4,4,2,2,4,5,1,1,3,4,3,5,1,1,3,1,4,4,3,3,5,4,4,5,4,4,3,4,4,5,3,2,4,1,2,4,5,3,6,5,6,3,5,7,6,7,1,1,6,5,3,5,6
704,1/1/1980 0:00,8,de,1348351488,1,22,1,1,1,0,1,"unsicherheit, selbst eine beliebte person mit vielen freunden, kann unsicher oder unzufrieden mit sich selber sein ",4,5,4,3,2,5,4,2,5,5,5,2,5,2,1,,,,,,,,,,,,,,,,,4,2,1,2,1,1,1,1,7,2,2,1,5,2,2,5,5,5,5,3,5,5,2,2,2,2,2,2,5,2,4,2,1,1,1,1,1,1,1,7,1,1,1,1,1
705,1/1/1980 0:00,8,de,1818506135,1,18,1,1,1,0,1,"verunsichert, sportlich, leicht beeinflussbar, fleissig",3,5,4,1,3,4,3,3,5,2,5,3,5,1,1,,,,,,,,,,,,,,,,,5,6,7,7,3,5,7,3,7,7,7,7,5,3,3,5,4,5,5,4,5,4,1,4,3,1,1,2,2,2,1,4,1,2,6,1,1,2,1,7,1,1,1,2,1
706,1/1/1980 0:00,8,de,1558196176,1,52,1,3,1,0,0,,5,5,5,3,2,4,3,2,5,5,3,1,4,5,3,,,,,,,,,,,,,,,,,1,1,2,2,3,2,1,2,4,4,4,1,1,1,1,1,2,1,1,1,1,2,3,1,1,1,1,3,1,1,1,2,1,2,2,1,1,2,1,2,1,1,1,2,2
707,1/1/1980 0:00,8,de,1168698465,1,26,1,1,0,0,0,,5,5,5,2,4,5,5,4,4,4,4,4,5,4,1,,,,,,,,,,,,,,,,,1,5,3,2,1,2,1,1,4,3,2,1,1,1,1,4,3,1,4,1,3,4,1,1,5,1,2,5,4,4,7,7,1,7,7,1,4,1,1,7,1,1,1,4,1
708,,3,de,1742175681,2,30,2,3,0,0,1,,,,,,,,,,,,,,,,,,,,,,,,,,,,,,,,,,,,,,,,,,,,,,,,,,,,,,,,,,,,,,,,,,,,,,,,,,,,,
709,1/1/1980 0:00,8,de,910004689,2,21,2,1,1,0,0,,,,,,,,,,,,,,,,,"Fleißig, ambitioniert, brav.",1,4,3,4,5,5,5,3,3,2,1,5,5,2,1,1,2,1,2,1,1,1,1,2,1,1,1,3,1,1,2,2,2,1,2,2,2,1,1,1,1,3,1,4,1,1,1,1,1,1,1,1,1,1,7,1,1,1,2,1
710,1/1/1980 0:00,8,de,1880757658,2,21,1,1,0,0,0,,,,,,,,,,,,,,,,,,1,3,2,2,5,5,5,4,2,1,1,5,5,1,1,3,1,1,4,1,1,2,1,3,4,2,1,2,1,4,4,3,4,3,2,3,3,2,4,4,4,2,6,4,5,6,6,7,3,6,6,6,6,2,2,6,2,2,6,2
711,1/1/1980 0:00,8,de,1416453489,2,51,1,3,0,0,1,,,,,,,,,,,,,,,,,"gepflegt, auf das Äußere bedacht, erfolgreich",1,4,3,2,5,5,4,4,2,2,1,5,5,2,1,1,1,1,1,1,1,1,1,1,1,1,1,3,1,1,1,1,1,1,1,1,1,1,2,2,1,1,2,2,2,5,5,5,6,6,6,6,5,2,2,6,1,1,6,2
712,1/1/1980 0:00,8,de,1137173736,1,49,1,3,0,0,0,,5,5,5,3,1,3,3,2,5,4,5,1,3,2,3,,,,,,,,,,,,,,,,,1,2,2,3,2,1,2,1,3,2,1,2,2,1,1,2,2,1,2,2,2,2,1,1,1,1,2,2,3,1,2,2,1,2,2,1,1,1,1,2,1,1,1,2,1
713,1/1/1980 0:00,8,de,332500149,1,24,1,3,1,0,1,"Zielstrebig
Konsequent
Eitel
",2,2,2,3,4,4,4,4,4,3,3,3,5,3,2,,,,,,,,,,,,,,,,,1,2,2,4,2,2,2,2,4,4,3,2,3,2,2,4,3,3,2,2,2,2,2,2,2,1,4,3,5,3,6,5,3,5,5,4,4,2,1,5,2,2,1,4,4
714,,2,de,360433700,1,42,2,3,1,0,1,,,,,,,,,,,,,,,,,,,,,,,,,,,,,,,,,,,,,,,,,,,,,,,,,,,,,,,,,,,,,,,,,,,,,,,,,,,,,
715,,2,de,1530265859,1,19,1,1,0,0,1,,,,,,,,,,,,,,,,,,,,,,,,,,,,,,,,,,,,,,,,,,,,,,,,,,,,,,,,,,,,,,,,,,,,,,,,,,,,,
716,1/1/1980 0:00,8,de,1068035141,2,23,1,3,0,0,0,,,,,,,,,,,,,,,,,"Organisationstalent, Selbstfürsorge",4,5,2,1,5,5,4,4,4,1,2,4,5,2,1,1,4,2,6,1,1,2,1,4,1,2,2,2,1,2,1,2,3,3,4,3,3,1,3,6,1,1,6,7,4,5,4,1,1,3,5,5,4,1,3,1,1,1,6,5
717,1/1/1980 0:00,8,de,1643310260,2,28,1,1,1,1,0,,,,,,,,,,,,,,,,,"Fleißig, organisiert, zielstrebig, eitel (positiv)",3,3,3,3,5,5,5,4,3,3,3,3,5,2,1,1,1,1,2,1,1,1,1,1,1,1,1,2,1,1,5,1,5,1,1,1,4,5,2,2,7,4,3,7,2,1,2,7,1,2,2,2,7,1,1,1,1,1,4,5
718,1/1/1980 0:00,8,de,17361949,1,21,1,1,1,0,1,,2,4,3,3,3,4,4,2,4,4,5,3,3,3,2,,,,,,,,,,,,,,,,,1,2,1,6,1,1,1,1,2,6,4,3,3,1,1,3,1,2,1,1,1,1,3,2,1,2,1,2,3,2,7,4,2,3,6,3,4,5,1,3,1,1,1,1,1
719,,5,de,183603800,2,19,1,1,0,0,0,,,,,,,,,,,,,,,,,,1,5,3,1,5,5,4,2,2,3,2,4,4,1,1,1,1,5,5,1,1,1,1,6,6,4,1,,,,,,,,,,,,,,,,,,,,,,,,,,,,,,,,,
720,1/1/1980 0:00,8,de,1456857604,2,23,2,1,0,0,0,,,,,,,,,,,,,,,,,"Konsequent 
Zielstrebig 
Modisch
Gesellig",1,4,3,4,5,5,4,3,4,3,3,5,5,3,2,3,2,1,3,1,1,2,1,2,2,2,1,4,5,5,4,4,2,1,2,5,2,3,3,5,4,2,5,7,4,3,4,1,1,4,2,4,1,1,3,1,5,1,4,2
721,1/1/1980 0:00,8,de,1978122802,2,26,2,1,0,0,0,,,,,,,,,,,,,,,,,"ehrgeizig, verantwortungsvoll, organisiert ",1,4,3,3,4,4,4,4,4,2,3,3,4,2,1,2,1,1,3,1,1,2,1,3,3,2,1,4,2,2,4,4,2,4,2,3,3,1,4,4,1,2,3,5,3,6,6,1,4,5,1,1,1,1,3,1,1,1,4,1
722,1/1/1980 0:00,8,de,431069383,1,44,2,2,1,0,1,,3,4,3,3,4,3,3,4,3,3,3,4,3,2,1,,,,,,,,,,,,,,,,,2,4,3,6,4,3,3,3,2,2,2,3,4,4,4,4,3,4,4,3,4,3,5,2,2,2,2,4,4,2,6,5,6,4,5,1,1,4,1,1,4,1,1,3,1
723,1/1/1980 0:00,8,de,2116758096,1,33,1,3,1,0,0,"selbstbewusst, stark, kommunikativ",1,5,3,3,5,5,5,5,5,3,2,5,5,3,2,,,,,,,,,,,,,,,,,1,1,5,4,2,2,3,1,6,3,2,3,3,1,1,5,4,4,4,4,4,4,4,3,3,3,1,1,2,2,5,4,4,4,5,4,3,7,1,1,1,1,1,6,1
724,,3,de,705269765,2,21,1,3,1,0,0,,,,,,,,,,,,,,,,,,,,,,,,,,,,,,,,,,,,,,,,,,,,,,,,,,,,,,,,,,,,,,,,,,,,,,,,,,,,,
725,1/1/1980 0:00,8,de,688032311,2,41,1,3,1,0,0,,,,,,,,,,,,,,,,,,2,4,4,2,4,4,4,4,4,1,1,3,4,1,1,1,1,1,3,1,1,1,1,1,1,1,1,2,1,1,1,2,2,1,1,1,2,1,2,5,1,1,4,1,1,6,6,3,6,6,1,2,5,1,1,1,1,1,3,2
726,1/1/1980 0:00,8,de,1587588672,1,75,1,3,0,0,1,,3,5,3,4,3,5,4,4,4,3,2,3,4,4,1,,,,,,,,,,,,,,,,,1,2,1,2,2,1,1,3,3,1,1,1,5,1,1,3,4,2,3,2,2,2,1,5,4,3,2,5,2,3,1,2,1,1,3,1,1,1,1,7,1,1,1,2,2
727,1/1/1980 0:00,8,de,53932747,2,51,1,3,1,0,1,,,,,,,,,,,,,,,,,"kontrolliert, ehrgeizig, zielstrebig, tough, burn-out gefährdet, gesellig, gescheit, vielseitig",3,4,3,2,4,5,4,5,4,3,2,3,5,3,2,2,3,1,2,2,1,2,1,4,4,5,3,3,2,1,2,3,2,2,2,2,3,1,3,6,2,2,6,5,5,2,2,2,2,2,1,1,5,1,6,2,1,2,2,1
728,1/1/1980 0:00,8,de,1649509363,2,53,1,1,1,0,1,,,,,,,,,,,,,,,,,,3,5,4,3,5,5,5,4,5,3,2,4,5,3,1,1,1,1,6,1,1,1,1,4,1,3,1,1,1,1,1,1,1,1,1,1,1,1,1,1,1,1,3,1,1,5,5,1,5,5,1,1,1,1,6,1,1,1,5,1
729,1/1/1980 0:00,8,de,1780778382,2,32,1,3,1,0,1,,,,,,,,,,,,,,,,,,4,4,3,4,3,4,3,4,4,3,3,4,4,3,3,5,5,4,5,3,3,3,2,4,4,4,3,4,3,2,3,3,3,4,2,3,3,4,3,3,4,4,3,4,3,5,6,4,5,5,4,5,5,3,2,2,2,2,5,5
730,,5,de,338517642,2,21,1,1,1,0,0,,,,,,,,,,,,,,,,,,2,3,1,2,4,5,5,5,3,2,2,4,5,1,1,2,2,1,4,1,2,2,1,3,2,1,3,,,,,,,,,,,,,,,,,,,,,,,,,,,,,,,,,
731,,4,de,88938754,2,^23,2,3,1,0,1,,,,,,,,,,,,,,,,,,1,3,3,3,4,4,4,3,2,1,1,4,4,1,1,,,,,,,,,,,,,,,,,,,,,,,,,,,,,,,,,,,,,,,,,,,,,
732,1/1/1980 0:00,8,de,25757806,2,38,2,1,1,0,1,,,,,,,,,,,,,,,,,"Perfekt, energiegeladen, fleißig, aufstrebend, jung",1,4,4,5,5,5,5,4,3,2,2,5,5,2,1,4,1,5,2,1,2,2,1,4,5,3,1,5,2,1,5,5,5,5,4,3,3,6,4,3,2,6,3,2,3,7,7,7,5,7,7,7,7,2,2,7,1,2,7,7
733,1/1/1980 0:00,8,de,707751578,2,23,1,1,0,0,0,,,,,,,,,,,,,,,,,"zielstrebig, gewissenhaft ",2,3,3,2,3,5,3,4,4,3,2,4,5,3,3,1,2,4,2,2,2,2,1,5,3,2,2,3,3,2,3,4,4,4,2,4,4,4,1,2,4,3,3,7,2,1,2,1,1,1,1,1,1,1,6,1,1,1,1,1
734,1/1/1980 0:00,8,de,216500851,1,20,0,1,0,0,0,,2,2,1,3,3,5,4,4,3,3,3,4,4,2,3,,,,,,,,,,,,,,,,,1,1,1,1,1,1,1,1,4,1,2,1,1,2,1,4,2,2,4,2,3,3,3,4,4,6,2,4,5,5,6,7,7,2,7,7,7,7,1,1,3,6,1,7,2
735,1/1/1980 0:00,8,de,496126273,2,24,1,3,1,0,0,,,,,,,,,,,,,,,,,"gepflegt, zielstrebig, familiär, beliebt, liebevoll, eitel, natürlich",3,4,3,4,3,5,5,4,5,2,3,3,5,2,1,4,5,4,6,2,2,3,1,7,5,5,3,2,3,2,4,4,3,4,4,5,4,1,3,2,1,2,4,3,3,6,5,6,4,4,6,6,7,2,1,2,1,1,6,3
736,1/1/1980 0:00,8,de,1148289547,2,23,1,1,0,0,0,,,,,,,,,,,,,,,,,"zielstrebig, ehrgeizig, perfektionistisch",2,5,4,3,4,5,5,5,5,3,2,4,5,3,2,2,4,2,2,2,2,3,1,2,5,2,1,4,1,1,4,3,3,2,2,3,4,2,4,4,4,3,3,4,4,3,2,1,4,4,1,2,1,1,7,2,1,1,2,2
737,1/1/1980 0:00,8,de,1825350112,1,21,2,3,1,0,1,,3,3,2,3,4,3,4,4,3,2,3,4,4,2,1,,,,,,,,,,,,,,,,,2,3,2,5,2,1,1,1,4,4,4,3,4,4,4,3,4,4,4,3,3,4,2,1,1,1,3,3,3,2,7,7,3,4,4,5,4,3,2,3,2,1,2,5,4
738,1/1/1980 0:00,8,de,91676633,2,22,1,1,1,0,1,,,,,,,,,,,,,,,,,,4,3,3,3,2,4,3,2,4,3,5,2,3,4,2,1,1,1,1,1,1,1,1,1,1,1,1,1,1,1,1,1,1,1,1,1,1,1,1,1,1,2,1,7,1,1,1,1,1,3,1,1,1,1,7,1,1,1,1,1
739,1/1/1980 0:00,8,de,484317072,2,18,2,1,0,0,1,,,,,,,,,,,,,,,,,"Annas Gesicht ist augenscheinlich fast symmetrisch, weswegen die heutige Gesellschaft sie als äußert hübsch bezeichnen würde. Demzufolge würde man ihr auch Eigenschaften zuschreiben, die man als positiv bezeichnet. Das hat nichts mit selbstständigem Denken, sondern unterbewussten Vorgängen zu tun. Man würde aufgrund dessen in Verbindung mit dem Text vor allem an folgende Eigenschaften denken: freundlich, gebildet, extrovertiert, humorvoll, ambitioniert, etwas eitel (in Maßen). Ob sie es aber wirklich ist oder nur ihr Gesicht symmetrisch, das ist eine andere Sache.",1,5,5,4,4,3,4,2,3,3,3,4,4,3,3,1,1,2,3,1,4,1,1,4,2,1,2,3,2,1,1,1,1,2,1,1,1,3,1,1,3,3,1,2,2,7,5,7,7,7,7,7,5,1,1,4,2,1,7,1
740,1/1/1980 0:00,8,de,405617120,2,20,1,1,1,0,1,,,,,,,,,,,,,,,,,"erfolgreich, engagiert, extravertiert, freundlich, sportlich, eitel",2,5,4,4,5,5,5,5,4,2,1,5,5,2,2,1,1,2,2,1,1,2,1,3,5,2,1,1,1,1,1,2,1,1,1,1,2,2,1,2,2,3,2,1,2,3,3,2,2,4,2,4,1,1,6,5,2,1,2,1
741,1/1/1980 0:00,8,de,1927390008,1,32,2,3,1,0,1,"zielstrebig, selbstunsicher, leistungsorientiert",4,4,3,3,3,4,4,4,5,3,5,3,4,3,1,,,,,,,,,,,,,,,,,1,1,1,1,1,1,1,1,1,4,1,1,1,3,2,2,4,4,3,2,3,2,2,1,2,1,1,1,2,1,4,4,1,3,4,1,1,1,1,6,2,1,1,4,1
742,1/1/1980 0:00,8,de,1813659243,2,26,2,3,1,0,0,,,,,,,,,,,,,,,,,"Zielstrebig, Ordentlich, oberflächlich, angepasst, ",3,5,4,4,4,5,4,3,4,3,3,3,4,2,2,2,4,3,4,1,1,3,1,3,4,3,2,4,4,4,4,4,4,4,4,4,4,2,3,4,2,3,4,4,2,2,1,1,2,2,1,1,1,1,7,1,1,1,2,1
743,1/1/1980 0:00,8,de,979605059,2,48,1,3,0,0,0,,,,,,,,,,,,,,,,,"Kommunikativ, offen für Neues und attraktiv",1,5,4,4,5,5,5,5,2,1,1,5,5,1,1,1,2,3,2,2,3,3,2,4,4,4,1,2,1,1,1,2,1,1,1,2,1,1,1,1,1,1,1,2,1,7,7,2,6,5,2,2,2,1,2,1,1,1,6,1
744,1/1/1980 0:00,8,de,308955213,2,30,1,1,1,0,1,,,,,,,,,,,,,,,,,,1,3,3,5,1,1,1,1,5,5,5,1,1,5,5,1,1,1,1,1,1,1,1,4,4,1,1,5,3,1,1,5,1,1,3,3,5,1,6,5,1,1,7,1,5,7,2,1,1,5,7,7,5,1,1,1,1,1,1,1
745,,1,de,1479045785,1,,,,,,,,,,,,,,,,,,,,,,,,,,,,,,,,,,,,,,,,,,,,,,,,,,,,,,,,,,,,,,,,,,,,,,,,,,,,,,,,,,,
746,,2,de,1672680052,1,40,1,3,1,0,0,,,,,,,,,,,,,,,,,,,,,,,,,,,,,,,,,,,,,,,,,,,,,,,,,,,,,,,,,,,,,,,,,,,,,,,,,,,,,
747,1/1/1980 0:00,8,de,848437930,1,19,2,1,0,0,0,durchsetzungsfähig,2,4,2,3,5,5,5,5,3,2,2,4,5,1,1,,,,,,,,,,,,,,,,,1,1,1,2,1,1,1,1,2,2,1,1,3,1,3,4,4,1,2,1,1,2,1,2,3,2,1,1,1,2,7,7,1,4,7,1,1,1,1,5,1,2,1,6,1
748,1/1/1980 0:00,8,de,718430764,2,49,1,3,1,0,0,,,,,,,,,,,,,,,,,,1,3,3,3,5,5,5,5,4,3,2,4,5,3,1,4,4,5,3,3,3,3,3,7,1,3,1,3,1,1,4,4,5,5,4,5,5,1,4,5,1,2,6,7,6,6,3,2,4,4,1,1,2,1,6,1,1,1,5,2
749,1/1/1980 0:00,8,de,1902511709,1,29,1,3,1,0,1,"Loyal, ehrlich, bodenständig ",2,1,1,2,3,4,4,4,2,1,1,3,4,1,1,,,,,,,,,,,,,,,,,1,2,5,3,1,1,1,1,4,5,1,1,2,1,1,3,2,2,1,3,3,3,1,4,3,3,2,3,1,1,7,7,5,4,7,3,3,1,1,4,1,1,1,4,2
750,1/1/1980 0:00,8,de,163015441,2,20,1,1,0,0,1,,,,,,,,,,,,,,,,,,1,3,2,3,5,5,5,5,2,1,2,4,5,1,2,1,1,3,6,2,2,2,2,6,2,2,2,4,3,3,2,3,3,3,2,3,2,2,4,4,2,3,5,3,4,5,5,2,3,4,3,2,1,1,5,1,1,1,4,3
751,1/1/1980 0:00,8,de,258060184,1,24,1,3,0,0,0,,2,5,4,4,4,4,4,3,5,3,2,4,4,2,2,,,,,,,,,,,,,,,,,1,2,2,4,2,1,1,1,6,6,6,2,4,2,1,3,3,2,3,2,2,3,3,2,5,2,2,2,3,2,5,5,1,5,5,1,2,1,1,6,2,1,1,6,3
752,1/1/1980 0:00,8,de,168368535,2,31,1,1,1,0,0,,,,,,,,,,,,,,,,,"ehrgeizig, gepflegt",1,4,4,4,1,1,2,1,4,5,5,1,1,5,5,2,1,1,3,1,1,1,1,2,1,1,1,2,1,1,2,1,3,3,2,2,2,5,3,2,1,2,2,2,1,2,6,2,4,4,3,5,6,1,2,1,1,1,5,1
753,1/1/1980 0:00,8,de,2134050726,2,47,1,1,1,0,0,,,,,,,,,,,,,,,,,"achtsam, zielorientiert",1,5,3,1,5,4,4,5,1,1,1,3,5,1,3,1,1,1,5,4,2,1,6,7,4,4,1,4,1,1,1,1,1,4,1,1,1,6,1,1,6,3,5,6,2,7,7,2,7,7,1,2,3,1,3,1,1,1,7,6
754,,5,de,1564934030,2,21,1,1,1,0,1,,,,,,,,,,,,,,,,,,1,2,1,1,4,5,5,4,4,1,2,4,5,1,1,2,1,1,2,1,1,1,1,2,2,1,1,,,,,,,,,,,,,,,,,,,,,,,,,,,,,,,,,
755,1/1/1980 0:00,8,de,657908626,2,28,1,1,1,0,1,,,,,,,,,,,,,,,,,,4,5,4,3,4,4,2,5,3,2,2,4,4,3,4,1,1,2,1,1,5,2,1,1,1,1,1,1,1,1,1,1,1,1,1,1,1,2,1,1,1,1,2,1,1,7,5,2,3,6,1,1,1,1,6,1,1,1,5,2
756,1/1/1980 0:00,8,de,926528906,1,18,1,1,1,0,0,"Anna klingt wie eine erfolgreiche Person (beruflich, sozial, in der Beziehung). Sie weiß, was sie möchte und kann das erreichen. Ob Anna ein geringes Selbstwertgefühl hat, ist schwer zu beurteilen. Ich denke aber, dass sie durch die OPs ein höheres Selbstwertgefühl erreicht haben könnte, wenn sie zuvor unzufrieden war. (Hierbei ist unklar, ob die Unzufriedenheit aus ihr selbst stammt oder ob das mit gesellschaftlichen Erwartungen zusammenhängt.) Da sie aber wie bereits erwähnt sehr erfolgreich ist, denke ich nicht, dass ihr Selbstwertgefühl wirklich niedrig ist. Insgesamt klingt sie wie eine nette und interessante Person.",2,2,3,3,5,5,5,5,3,2,2,4,5,1,1,,,,,,,,,,,,,,,,,1,1,2,1,1,1,2,1,2,2,1,1,1,1,1,1,1,1,1,1,1,1,1,1,1,1,1,1,1,1,5,5,1,3,5,1,1,1,1,6,1,2,1,4,1
757,1/1/1980 0:00,8,de,1489578775,1,21,1,1,1,0,1,"ambitioniert, sie macht sich sehr viele Gedanken über ihr Aussehen, vielleicht identifiziert sie sich auch etwas durch ihr aussehen",1,2,1,1,3,4,5,5,4,2,1,5,5,2,1,,,,,,,,,,,,,,,,,2,1,3,6,1,1,1,1,3,1,1,1,5,2,3,5,5,5,5,4,5,5,3,5,5,6,4,7,7,2,7,7,3,6,7,7,3,3,3,1,5,5,1,6,7
758,1/1/1980 0:00,8,de,1335761676,2,21,1,1,0,0,0,,,,,,,,,,,,,,,,,"perfektionistisch, gut organisiert",4,4,2,2,4,5,5,3,5,2,2,2,5,1,1,4,6,6,6,1,1,1,1,1,1,1,1,5,3,4,4,5,2,2,3,3,2,6,1,2,3,3,3,5,1,6,5,3,1,6,4,3,7,2,2,4,6,5,1,4
759,1/1/1980 0:00,8,de,1613434087,1,21,1,1,0,0,1,"Organisiert und diszipliniert, wahrscheinlich auch ein bisschen im inneren Chaos, dass sie durch äußere Struktur und Ablenkung bewältigen will. Wahrscheinlich ist sie auch eher ruhiger und passiver und mitfühlend ",3,4,2,1,4,5,5,5,4,1,4,5,5,2,1,,,,,,,,,,,,,,,,,1,1,3,3,1,1,1,1,2,1,1,1,2,1,1,2,1,3,1,1,1,3,1,3,2,1,2,3,1,3,1,6,1,3,5,1,1,1,1,6,1,1,1,1,1
760,,5,de,822528993,2,21,1,1,1,0,1,,,,,,,,,,,,,,,,,,1,4,3,3,5,4,4,4,2,2,1,5,5,2,2,2,4,3,5,2,3,2,2,5,3,3,2,,,,,,,,,,,,,,,,,,,,,,,,,,,,,,,,,
761,1/1/1980 0:00,8,de,813964853,2,22,1,1,0,0,1,,,,,,,,,,,,,,,,,"Ehrgeiz, Zielstrebigkeit, Intelligenz",4,4,3,2,4,4,4,4,4,1,2,2,4,1,1,3,3,2,6,1,1,1,1,5,4,2,2,4,4,4,4,2,2,4,2,4,4,2,2,5,1,5,4,3,3,5,3,1,5,4,3,2,5,2,6,2,1,1,2,2
762,1/1/1980 0:00,8,de,38099282,1,34,1,3,1,0,1,"Offen, kommunikativ, zielstrebig, gesellig, anspruchsvoll ",1,3,1,3,4,4,4,5,3,2,1,4,5,3,1,,,,,,,,,,,,,,,,,2,1,1,1,1,1,1,1,1,1,1,1,3,1,1,2,2,3,3,2,2,2,2,3,3,2,3,2,3,2,4,4,2,3,5,1,1,3,1,6,1,1,1,4,1
763,1/1/1980 0:00,8,de,2013362934,1,31,1,1,1,0,0,,2,5,1,3,3,5,4,3,4,1,2,3,4,3,1,,,,,,,,,,,,,,,,,2,4,1,5,3,1,1,1,5,2,1,2,1,1,1,3,2,4,4,2,2,3,5,3,3,2,2,1,6,2,7,6,5,4,4,2,4,6,2,1,1,1,1,6,2
764,,2,de,901185805,1,19,2,1,1,0,1,,,,,,,,,,,,,,,,,,,,,,,,,,,,,,,,,,,,,,,,,,,,,,,,,,,,,,,,,,,,,,,,,,,,,,,,,,,,,
765,1/1/1980 0:00,8,de,618576842,2,30,1,3,1,0,1,,,,,,,,,,,,,,,,,"Fleißig, strebsam, aktiv, gutes Zeitmanagement",4,4,2,1,4,5,5,4,3,2,2,3,5,2,1,1,1,2,1,1,1,1,1,4,2,1,1,1,1,1,1,1,1,2,1,1,1,1,4,5,1,1,5,2,3,2,1,1,2,3,1,1,1,1,6,1,1,1,1,1
766,1/1/1980 0:00,8,de,999109071,2,20,0,1,0,0,0,,,,,,,,,,,,,,,,,,2,1,1,3,5,5,5,5,2,1,1,4,5,1,1,2,1,2,1,1,1,1,2,2,2,1,2,4,2,2,2,2,3,2,1,2,2,2,2,1,2,1,2,4,2,3,4,1,1,2,1,1,1,1,7,1,1,1,2,1
767,1/1/1980 0:00,8,de,569103369,1,21,2,1,0,0,0,,3,4,3,2,3,5,5,3,4,3,4,2,4,4,2,,,,,,,,,,,,,,,,,1,5,1,5,1,1,1,2,5,1,1,1,5,2,2,2,4,3,1,2,3,2,6,6,4,2,2,2,1,2,4,4,2,3,4,5,3,5,1,5,1,1,2,5,2
768,1/1/1980 0:00,8,de,262248004,2,20,1,1,0,0,0,,,,,,,,,,,,,,,,,,2,5,4,4,3,5,4,2,5,4,4,2,5,3,3,4,4,3,5,5,4,2,2,5,3,5,3,4,4,4,4,4,4,4,3,4,2,2,5,3,2,2,5,2,2,6,3,1,1,1,1,1,1,1,7,1,1,1,1,1
769,1/1/1980 0:00,8,de,54270258,1,39,1,3,1,1,1,"willensstark, laut, energiegeladen, analytisch, klug, eitel, oberflächlich, fit, trendorientiert, teuer :)",3,5,4,3,4,4,4,3,5,3,2,3,4,2,2,,,,,,,,,,,,,,,,,1,1,1,1,1,1,1,1,1,1,1,1,1,2,1,3,2,1,2,2,1,1,2,2,3,2,2,1,2,1,7,3,4,3,4,4,5,7,2,1,5,2,4,1,3
770,1/1/1980 0:00,8,de,1160767127,2,20,1,1,0,0,0,,,,,,,,,,,,,,,,,"selbstbewusst, eingebildet, zielstrebig, freundlich",1,5,5,5,5,5,5,4,3,2,1,5,5,2,2,5,5,5,6,2,2,3,2,3,5,5,3,2,3,4,4,3,3,3,4,4,2,2,1,2,1,2,1,1,1,4,4,3,2,2,2,2,5,1,6,5,2,1,3,3
771,,1,de,1866186319,1,,,,,,,,,,,,,,,,,,,,,,,,,,,,,,,,,,,,,,,,,,,,,,,,,,,,,,,,,,,,,,,,,,,,,,,,,,,,,,,,,,,
772,1/1/1980 0:00,8,de,372167623,1,38,1,1,1,0,1,"willensstark, verfolgt ihre Ziel und Wünsche, visuell orientiert,",2,5,3,3,5,5,4,4,3,4,3,2,5,1,1,,,,,,,,,,,,,,,,,1,1,1,1,1,1,1,1,1,1,1,1,1,2,2,1,1,2,2,2,1,1,4,1,1,1,2,1,1,1,5,5,1,1,7,1,1,1,1,3,1,1,1,7,2
773,,3,de,712783726,2,32,1,3,0,0,0,,,,,,,,,,,,,,,,,,,,,,,,,,,,,,,,,,,,,,,,,,,,,,,,,,,,,,,,,,,,,,,,,,,,,,,,,,,,,
774,,1,de,1989085932,2,,,,,,,,,,,,,,,,,,,,,,,,,,,,,,,,,,,,,,,,,,,,,,,,,,,,,,,,,,,,,,,,,,,,,,,,,,,,,,,,,,,
775,,4,de,2077049637,1,23,1,1,1,0,0,,2,5,4,3,4,5,5,5,5,4,3,4,5,4,4,,,,,,,,,,,,,,,,,,,,,,,,,,,,,,,,,,,,,,,,,,,,,,,,,,,,,,,,,,,,,
776,1/1/1980 0:00,8,de,1360176395,1,19,1,1,1,0,0,eitel aber hat einen nicht so schlechten Charakter,1,5,4,2,5,5,5,4,4,2,1,4,4,4,1,,,,,,,,,,,,,,,,,2,5,5,4,1,1,5,1,6,4,2,1,2,2,1,4,2,3,1,1,1,3,3,3,3,1,2,4,2,4,1,1,1,1,1,1,1,1,1,7,1,1,1,1,1
777,,2,de,1428637037,1,23,1,3,1,0,0,,,,,,,,,,,,,,,,,,,,,,,,,,,,,,,,,,,,,,,,,,,,,,,,,,,,,,,,,,,,,,,,,,,,,,,,,,,,,
778,1/1/1980 0:00,8,de,1919787613,2,36,2,3,1,0,0,,,,,,,,,,,,,,,,,,3,4,5,1,2,4,4,2,4,3,4,2,5,3,3,5,3,3,6,4,4,2,1,4,4,5,5,1,1,1,2,1,3,1,2,1,1,7,2,2,1,2,2,2,1,5,6,5,1,2,2,4,4,3,1,1,1,1,1,1
779,1/1/1980 0:00,8,de,772484864,2,23,1,3,0,0,0,,,,,,,,,,,,,,,,,,2,4,1,3,3,5,5,5,4,2,4,3,5,1,1,2,3,1,3,1,1,1,1,6,5,2,3,5,1,1,1,4,2,2,3,2,2,2,1,1,3,4,1,1,1,7,4,3,5,5,4,5,1,1,4,5,1,1,4,3
780,1/1/1980 0:00,8,de,968442617,1,19,1,1,1,0,0,"erfolgreich, ehrgeizig und organisiert aber vermutlich geringes Selbstbewusstsein und denkt viel darüber nach was anderer von ihr halten",5,5,5,4,2,5,5,5,5,3,4,2,5,4,2,,,,,,,,,,,,,,,,,3,5,6,7,2,2,3,1,3,7,6,1,5,1,1,3,4,4,4,4,4,4,3,4,4,1,3,3,2,3,6,5,1,5,7,1,1,1,1,7,1,1,1,5,1
781,1/1/1980 0:00,8,de,1869379986,2,27,1,3,0,0,0,,,,,,,,,,,,,,,,,,1,4,3,3,5,4,4,5,4,2,2,4,3,2,2,4,5,4,6,2,1,3,4,5,5,4,2,5,4,4,4,5,5,5,4,4,5,4,5,3,7,3,2,4,3,4,4,5,5,5,6,7,6,2,3,2,2,1,3,5
782,1/1/1980 0:00,8,de,2011052193,1,56,1,3,1,1,1,,2,5,3,4,4,5,4,4,3,2,3,4,5,3,1,,,,,,,,,,,,,,,,,3,2,1,3,4,2,2,1,2,4,4,2,4,2,2,2,3,4,3,3,3,3,4,1,4,5,4,2,1,4,7,7,7,4,7,7,7,7,4,1,5,5,6,7,7
783,1/1/1980 0:00,8,de,1580876182,2,33,1,3,1,0,1,,,,,,,,,,,,,,,,,"extravertiert, motiviert, fokussiert",3,4,3,3,3,4,4,4,4,2,3,3,4,3,2,4,2,3,6,3,1,1,1,2,2,2,1,3,1,1,2,3,3,2,3,3,3,6,3,4,3,4,3,2,2,4,4,1,2,3,1,4,3,1,6,1,1,1,3,1
784,1/1/1980 0:00,8,de,1278887749,1,23,1,1,0,0,0,,4,4,2,1,3,3,3,4,4,2,3,2,3,4,1,,,,,,,,,,,,,,,,,1,1,1,1,1,1,1,1,4,2,1,3,4,3,3,3,4,2,3,3,3,3,5,1,4,7,5,3,6,3,5,4,1,1,3,5,5,3,1,3,1,1,1,5,2
785,,2,de,823162757,1,29,1,0,0,0,1,,,,,,,,,,,,,,,,,,,,,,,,,,,,,,,,,,,,,,,,,,,,,,,,,,,,,,,,,,,,,,,,,,,,,,,,,,,,,
786,,3,de,1312326027,2,26,1,3,0,0,0,,,,,,,,,,,,,,,,,,,,,,,,,,,,,,,,,,,,,,,,,,,,,,,,,,,,,,,,,,,,,,,,,,,,,,,,,,,,,
787,,3,de,1136270425,2,25,1,3,1,0,0,,,,,,,,,,,,,,,,,,,,,,,,,,,,,,,,,,,,,,,,,,,,,,,,,,,,,,,,,,,,,,,,,,,,,,,,,,,,,
788,1/1/1980 0:00,8,de,1301893277,1,20,2,1,1,0,0,"Pflichtbewusst, oberflächlich, empathisch",2,5,4,4,4,5,5,3,5,4,3,3,4,4,2,,,,,,,,,,,,,,,,,1,2,2,3,1,1,1,1,4,3,2,1,2,1,1,3,2,1,2,4,3,2,1,3,3,3,3,4,4,4,1,1,1,1,2,1,1,1,1,7,1,1,1,2,1
789,,5,de,1865597672,2,20,0,2,1,0,1,,,,,,,,,,,,,,,,,,3,5,2,2,5,5,4,1,1,1,4,2,5,1,1,1,1,1,1,1,1,1,1,1,1,1,1,,,,,,,,,,,,,,,,,,,,,,,,,,,,,,,,,
